File name;Copyright;Copyright CERN;Already CERN SPDX;Copyright added;Oldest year;Copyright line read
./Manifest.py;YES;YES;YES;NO;2025;## SPDX-FileCopyrightText: 2025 CERN (home.cern)
./top/pxie_fmc_ref_design/Manifest.py;YES;YES;YES;NO;2025;## SPDX-FileCopyrightText: 2025 CERN (home.cern)
./top/clbv2_ref_design/Manifest.py;YES;YES;YES;NO;2025;## SPDX-FileCopyrightText: 2025 CERN (home.cern)
./top/vxs_ref_design/Manifest.py;YES;YES;YES;NO;2025;## SPDX-FileCopyrightText: 2025 CERN (home.cern)
./top/vfchd_ref_design/Manifest.py;YES;YES;YES;NO;2025;## SPDX-FileCopyrightText: 2025 CERN (home.cern)
./top/spec_1_1/wr_core_demo/Manifest.py;YES;YES;YES;NO;2025;## SPDX-FileCopyrightText: 2025 CERN (home.cern)
./top/spec_1_1/wr_streamers_demo/Manifest.py;YES;YES;YES;NO;2025;## SPDX-FileCopyrightText: 2025 CERN (home.cern)
./top/spec_ref_design/Manifest.py;YES;YES;YES;NO;2025;## SPDX-FileCopyrightText: 2025 CERN (home.cern)
./top/cute_ref_design/Manifest.py;YES;YES;YES;NO;2025;## SPDX-FileCopyrightText: 2025 CERN (home.cern)
./top/clbv4_ref_design/Manifest.py;YES;YES;YES;NO;2025;## SPDX-FileCopyrightText: 2025 CERN (home.cern)
./top/clbv3_ref_design/Manifest.py;YES;YES;YES;NO;2025;## SPDX-FileCopyrightText: 2025 CERN (home.cern)
./top/svec_ref_design/Manifest.py;YES;YES;YES;NO;2025;## SPDX-FileCopyrightText: 2025 CERN (home.cern)
./platform/Manifest.py;YES;YES;YES;NO;2025;## SPDX-FileCopyrightText: 2025 CERN (home.cern)
./platform/xilinx/Manifest.py;YES;YES;YES;NO;2025;## SPDX-FileCopyrightText: 2025 CERN (home.cern)
./platform/xilinx/chipscope/Manifest.py;YES;YES;YES;NO;2025;## SPDX-FileCopyrightText: 2025 CERN (home.cern)
./platform/xilinx/wrc_serdes/Manifest.py;YES;YES;YES;NO;2025;## SPDX-FileCopyrightText: 2025 CERN (home.cern)
./platform/xilinx/wr_gtp_phy/Manifest.py;YES;YES;YES;NO;2000;## SPDX-FileCopyrightText: 2025 CERN (home.cern)
./platform/altera/Manifest.py;YES;YES;YES;NO;2025;## SPDX-FileCopyrightText: 2025 CERN (home.cern)
./platform/altera/wr_arria5_phy/Manifest.py;YES;YES;YES;NO;2025;## SPDX-FileCopyrightText: 2025 CERN (home.cern)
./platform/altera/wr_arria2_phy/Manifest.py;YES;YES;YES;NO;2025;## SPDX-FileCopyrightText: 2025 CERN (home.cern)
./platform/altera/wr_arria10_phy/Manifest.py;YES;YES;YES;NO;2025;## SPDX-FileCopyrightText: 2025 CERN (home.cern)
./platform/altera/wr_arria10_phy/wr_arria10_e3p1_phy/Manifest.py;YES;YES;YES;NO;2025;## SPDX-FileCopyrightText: 2025 CERN (home.cern)
./platform/altera/wr_arria10_phy/wr_arria10_scu4_phy/Manifest.py;YES;YES;YES;NO;2025;## SPDX-FileCopyrightText: 2025 CERN (home.cern)
./platform/altera/wr_arria10_phy/wr_arria10_pex10_phy/Manifest.py;YES;YES;YES;NO;2025;## SPDX-FileCopyrightText: 2025 CERN (home.cern)
./platform/altera/wr_arria10_phy/wr_arria10_ftm10_phy/Manifest.py;YES;YES;YES;NO;2025;## SPDX-FileCopyrightText: 2025 CERN (home.cern)
./platform/altera/wr_arria10_phy/wr_arria10_ftm4_phy/Manifest.py;YES;YES;YES;NO;2025;## SPDX-FileCopyrightText: 2025 CERN (home.cern)
./syn/pxie_fmc_ref_design/Manifest.py;YES;YES;YES;NO;2025;## SPDX-FileCopyrightText: 2025 CERN (home.cern)
./syn/clbv2_ref_design/Manifest.py;YES;YES;YES;NO;2025;## SPDX-FileCopyrightText: 2025 CERN (home.cern)
./syn/vxs_ref_design/Manifest.py;YES;YES;YES;NO;2025;## SPDX-FileCopyrightText: 2025 CERN (home.cern)
./syn/vfchd_ref_design/Manifest.py;YES;YES;YES;NO;2025;## SPDX-FileCopyrightText: 2025 CERN (home.cern)
./syn/spec_1_1/wr_core_demo/Manifest.py;YES;YES;YES;NO;2025;## SPDX-FileCopyrightText: 2025 CERN (home.cern)
./syn/cute_core_ref_design/Manifest.py;YES;YES;YES;NO;2025;## SPDX-FileCopyrightText: 2025 CERN (home.cern)
./syn/spec_ref_design/Manifest.py;YES;YES;YES;NO;2025;## SPDX-FileCopyrightText: 2025 CERN (home.cern)
./syn/cute_ref_design/Manifest.py;YES;YES;YES;NO;2025;## SPDX-FileCopyrightText: 2025 CERN (home.cern)
./syn/clbv4_ref_design/Manifest.py;YES;YES;YES;NO;2025;## SPDX-FileCopyrightText: 2025 CERN (home.cern)
./syn/clbv3_ref_design/Manifest.py;YES;YES;YES;NO;2025;## SPDX-FileCopyrightText: 2025 CERN (home.cern)
./syn/svec_ref_design/Manifest.py;YES;YES;YES;NO;2025;## SPDX-FileCopyrightText: 2025 CERN (home.cern)
./board/Manifest.py;YES;YES;YES;NO;2025;## SPDX-FileCopyrightText: 2025 CERN (home.cern)
./board/pxie-fmc/Manifest.py;YES;YES;YES;NO;2025;## SPDX-FileCopyrightText: 2025 CERN (home.cern)
./board/vxs/Manifest.py;YES;YES;YES;NO;2025;## SPDX-FileCopyrightText: 2025 CERN (home.cern)
./board/svec/Manifest.py;YES;YES;YES;NO;2025;## SPDX-FileCopyrightText: 2025 CERN (home.cern)
./board/fasec/Manifest.py;YES;YES;YES;NO;2025;## SPDX-FileCopyrightText: 2025 CERN (home.cern)
./board/diot-sb/Manifest.py;YES;YES;YES;NO;2025;## SPDX-FileCopyrightText: 2025 CERN (home.cern)
./board/cute/Manifest.py;YES;YES;YES;NO;2025;## SPDX-FileCopyrightText: 2025 CERN (home.cern)
./board/clbv2/Manifest.py;YES;YES;YES;NO;2025;## SPDX-FileCopyrightText: 2025 CERN (home.cern)
./board/common/Manifest.py;YES;YES;YES;NO;2025;## SPDX-FileCopyrightText: 2025 CERN (home.cern)
./board/clbv3/Manifest.py;YES;YES;YES;NO;2025;## SPDX-FileCopyrightText: 2025 CERN (home.cern)
./board/clbv4/Manifest.py;YES;YES;YES;NO;2025;## SPDX-FileCopyrightText: 2025 CERN (home.cern)
./board/spec/Manifest.py;YES;YES;YES;NO;2025;## SPDX-FileCopyrightText: 2025 CERN (home.cern)
./board/vfchd/Manifest.py;YES;YES;YES;NO;2025;## SPDX-FileCopyrightText: 2025 CERN (home.cern)
./testbench/top_level/Manifest.py;YES;YES;YES;NO;2025;## SPDX-FileCopyrightText: 2025 CERN (home.cern)
./testbench/top_level/gn4124_bfm/Manifest.py;YES;YES;YES;NO;2025;## SPDX-FileCopyrightText: 2025 CERN (home.cern)
./testbench/wr_endpoint/full_tb/Manifest.py;YES;YES;YES;NO;2025;## SPDX-FileCopyrightText: 2025 CERN (home.cern)
./testbench/mini_bone/Manifest.py;YES;YES;YES;NO;2025;## SPDX-FileCopyrightText: 2025 CERN (home.cern)
./testbench/wrc_core/Manifest.py;YES;YES;YES;NO;2025;## SPDX-FileCopyrightText: 2025 CERN (home.cern)
./testbench/wrc_core/riviera/Manifest.py;YES;YES;YES;NO;2025;## SPDX-FileCopyrightText: 2025 CERN (home.cern)
./testbench/wrc_core/modelsim/Manifest.py;YES;YES;YES;NO;2025;## SPDX-FileCopyrightText: 2025 CERN (home.cern)
./testbench/xwrf_mux/Manifest.py;YES;YES;YES;NO;2025;## SPDX-FileCopyrightText: 2025 CERN (home.cern)
./testbench/wr_fabric_reg/Manifest.py;YES;YES;YES;NO;2025;## SPDX-FileCopyrightText: 2025 CERN (home.cern)
./testbench/nic_bw_throttling/Manifest.py;YES;YES;YES;NO;2025;## SPDX-FileCopyrightText: 2025 CERN (home.cern)
./testbench/wr_minic_with_ep/Manifest.py;YES;YES;YES;NO;2025;## SPDX-FileCopyrightText: 2025 CERN (home.cern)
./testbench/xwrf_loopback/Manifest.py;YES;YES;YES;NO;2025;## SPDX-FileCopyrightText: 2025 CERN (home.cern)
./testbench/wr_minic/Manifest.py;YES;YES;YES;NO;2025;## SPDX-FileCopyrightText: 2025 CERN (home.cern)
./testbench/wr_streamers/streamers-only_multiword-transfer/Manifest.py;YES;YES;YES;NO;2025;## SPDX-FileCopyrightText: 2025 CERN (home.cern)
./testbench/wr_streamers/streamers-only-fixed-latency/Manifest.py;YES;YES;YES;NO;2025;## SPDX-FileCopyrightText: 2025 CERN (home.cern)
./testbench/wr_streamers/streamers_multi_test/Manifest.py;YES;YES;YES;NO;2025;## SPDX-FileCopyrightText: 2025 CERN (home.cern)
./testbench/wr_streamers/streamers-only_basic-transfer/Manifest.py;YES;YES;YES;NO;2025;## SPDX-FileCopyrightText: 2025 CERN (home.cern)
./testbench/wr_streamers/streamers-on-spec_trigger-distribution/Manifest.py;YES;YES;YES;NO;2025;## SPDX-FileCopyrightText: 2025 CERN (home.cern)
./testbench/wr_streamers/streamers-on-spec_trigger-distribution/riviera/Manifest.py;YES;YES;YES;NO;2025;## SPDX-FileCopyrightText: 2025 CERN (home.cern)
./testbench/wr_streamers/streamers-on-spec_trigger-distribution/modelsim/Manifest.py;YES;YES;YES;NO;2025;## SPDX-FileCopyrightText: 2025 CERN (home.cern)
./testbench/wr_ep_prbs_checker/Manifest.py;YES;YES;YES;NO;2025;## SPDX-FileCopyrightText: 2025 CERN (home.cern)
./modules/Manifest.py;YES;YES;YES;NO;2025;## SPDX-FileCopyrightText: 2025 CERN (home.cern)
./modules/wr_endpoint/Manifest.py;YES;YES;YES;NO;2025;## SPDX-FileCopyrightText: 2025 CERN (home.cern)
./modules/wr_sit5359_interface/Manifest.py;YES;YES;YES;NO;2025;## SPDX-FileCopyrightText: 2025 CERN (home.cern)
./modules/wr_nic/Manifest.py;YES;YES;YES;NO;2025;## SPDX-FileCopyrightText: 2025 CERN (home.cern)
./modules/wr_pps_gen/Manifest.py;YES;YES;YES;NO;2025;## SPDX-FileCopyrightText: 2025 CERN (home.cern)
./modules/wr_dacs/Manifest.py;YES;YES;YES;NO;2025;## SPDX-FileCopyrightText: 2025 CERN (home.cern)
./modules/wrc_core/Manifest.py;YES;YES;YES;NO;2025;## SPDX-FileCopyrightText: 2025 CERN (home.cern)
./modules/wr_mini_nic/Manifest.py;YES;YES;YES;NO;2025;## SPDX-FileCopyrightText: 2025 CERN (home.cern)
./modules/wr_tbi_phy/Manifest.py;YES;YES;YES;NO;2025;## SPDX-FileCopyrightText: 2025 CERN (home.cern)
./modules/fabric/Manifest.py;YES;YES;YES;NO;2025;## SPDX-FileCopyrightText: 2025 CERN (home.cern)
./modules/wr_timecodes/Manifest.py;YES;YES;YES;NO;2025;## SPDX-FileCopyrightText: 2025 CERN (home.cern)
./modules/wr_si57x_interface/Manifest.py;YES;YES;YES;NO;2025;## SPDX-FileCopyrightText: 2025 CERN (home.cern)
./modules/wr_auxclk_gen/Manifest.py;YES;YES;YES;NO;2025;## SPDX-FileCopyrightText: 2025 CERN (home.cern)
./modules/timing/Manifest.py;YES;YES;YES;NO;2025;## SPDX-FileCopyrightText: 2025 CERN (home.cern)
./modules/wr_irig/Manifest.py;YES;YES;YES;NO;2025;## SPDX-FileCopyrightText: 2025 CERN (home.cern)
./modules/wr_nmea/Manifest.py;YES;YES;YES;NO;2025;## SPDX-FileCopyrightText: 2025 CERN (home.cern)
./modules/wr_txtsu/Manifest.py;YES;YES;YES;NO;2025;## SPDX-FileCopyrightText: 2025 CERN (home.cern)
./modules/wr_tlu/Manifest.py;YES;YES;YES;NO;2025;## SPDX-FileCopyrightText: 2025 CERN (home.cern)
./modules/wr_softpll_ng/Manifest.py;YES;YES;YES;NO;2025;## SPDX-FileCopyrightText: 2025 CERN (home.cern)
./modules/wr_flash/Manifest.py;YES;YES;YES;NO;2025;## SPDX-FileCopyrightText: 2025 CERN (home.cern)
./modules/wr_eca/Manifest.py;YES;YES;YES;NO;2025;## SPDX-FileCopyrightText: 2025 CERN (home.cern)
./modules/wr_streamers/Manifest.py;YES;YES;YES;NO;2025;## SPDX-FileCopyrightText: 2025 CERN (home.cern)
./sim/if_wishbone_defs.svh;YES;YES;YES;NO;2001;// SPDX-FileCopyrightText: 2001 CERN (home.cern)
./sim/if_wb_classic_master.svh;YES;YES;YES;NO;2010;// SPDX-FileCopyrightText: 2010 CERN (home.cern)
./sim/simdrv_wr_nic.svh;YES;YES;YES;NO;2025;// SPDX-FileCopyrightText: 2025 CERN (home.cern)
./sim/if_wb_slave.svh;YES;YES;YES;NO;2025;// SPDX-FileCopyrightText: 2025 CERN (home.cern)
./sim/simdrv_defs.svh;YES;YES;YES;NO;2025;// SPDX-FileCopyrightText: 2025 CERN (home.cern)
./sim/wr_streamers_wb.svh;YES;YES;YES;NO;2025;// SPDX-FileCopyrightText: 2025 CERN (home.cern)
./sim/pfilter.svh;YES;YES;YES;NO;2025;// SPDX-FileCopyrightText: 2025 CERN (home.cern)
./sim/if_wb_link.svh;YES;YES;YES;NO;2025;// SPDX-FileCopyrightText: 2025 CERN (home.cern)
./sim/wb_packet_source.svh;YES;YES;YES;NO;2025;// SPDX-FileCopyrightText: 2025 CERN (home.cern)
./sim/wb_packet_sink.svh;YES;YES;YES;NO;2025;// SPDX-FileCopyrightText: 2025 CERN (home.cern)
./sim/if_wishbone_accessor.svh;YES;YES;YES;NO;2025;// SPDX-FileCopyrightText: 2025 CERN (home.cern)
./sim/8b10b_encoder.svh;YES;NO;NO;NO;2002;// Chuck Benz, Hollis, NH   Copyright (c)2002
./sim/if_wishbone_types.svh;YES;YES;YES;NO;2001;// SPDX-FileCopyrightText: 2001 CERN (home.cern)
./sim/wr_1000basex_phy_model.svh;YES;YES;YES;NO;2025;// SPDX-FileCopyrightText: 2025 CERN (home.cern)
./sim/simdrv_txtsu.svh;YES;YES;YES;NO;2025;// SPDX-FileCopyrightText: 2025 CERN (home.cern)
./sim/wb_fabric_defs.svh;YES;YES;YES;NO;2025;// SPDX-FileCopyrightText: 2025 CERN (home.cern)
./sim/if_wb_master.svh;YES;YES;YES;NO;2010;// SPDX-FileCopyrightText: 2010 CERN (home.cern)
./sim/eth_packet.svh;YES;YES;YES;NO;2025;// SPDX-FileCopyrightText: 2025 CERN (home.cern)
./sim/drivers/simdrv_wr_endpoint.svh;YES;YES;YES;NO;2025;// SPDX-FileCopyrightText: 2025 CERN (home.cern)
./sim/drivers/simdrv_minic.svh;YES;YES;YES;NO;2000;// SPDX-FileCopyrightText: 2025 CERN (home.cern)
./testbench/top_level/gn4124_bfm/gn4124_bfm.svh;YES;YES;YES;NO;2025;// SPDX-FileCopyrightText: 2025 CERN (home.cern)
./testbench/wr_endpoint/full_tb/pfilter.svh;YES;YES;YES;NO;2025;// SPDX-FileCopyrightText: 2025 CERN (home.cern)
./testbench/wr_endpoint/full_tb/pcs_adapter.svh;YES;YES;YES;NO;2025;// SPDX-FileCopyrightText: 2025 CERN (home.cern)
./testbench/wr_endpoint/full_tb/endpoint_phy_wrapper.svh;YES;YES;YES;NO;2025;// SPDX-FileCopyrightText: 2025 CERN (home.cern)
./testbench/wr_endpoint/full_tb/old_endpoint_wrapper.svh;YES;YES;YES;NO;2025;// SPDX-FileCopyrightText: 2025 CERN (home.cern)
./testbench/wrc_core/functions.svh;YES;YES;YES;NO;2025;// SPDX-FileCopyrightText: 2025 CERN (home.cern)
./testbench/wr_minic_with_ep/ep2ep_wrapper.svh;YES;YES;YES;NO;2025;// SPDX-FileCopyrightText: 2025 CERN (home.cern)
./testbench/xwrf_loopback/functions.svh;YES;YES;YES;NO;2025;// SPDX-FileCopyrightText: 2025 CERN (home.cern)
./sim/endpoint_regs.v;YES;YES;YES;NO;2025;// SPDX-FileCopyrightText: 2025 CERN (home.cern)
./sim/old_endpoint_regs.v;YES;YES;YES;NO;2025;// SPDX-FileCopyrightText: 2025 CERN (home.cern)
./sim/endpoint_mdio.v;YES;YES;YES;NO;2025;// SPDX-FileCopyrightText: 2025 CERN (home.cern)
./sim/wishbone_test_master.v;YES;YES;YES;NO;2001;// SPDX-FileCopyrightText: 2025 CERN (home.cern)
./sim/lbk_regs.v;YES;YES;YES;NO;2025;// SPDX-FileCopyrightText: 2025 CERN (home.cern)
./sim/softpll_regs.v;YES;YES;YES;NO;2025;// SPDX-FileCopyrightText: 2025 CERN (home.cern)
./sim/pps_gen_regs.v;YES;YES;YES;NO;2025;// SPDX-FileCopyrightText: 2025 CERN (home.cern)
./top/vfchd_ref_design/vfchd_i2cmux/SfpIdReader.v;YES;YES;YES;NO;2025;// SPDX-FileCopyrightText: 2025 CERN (home.cern)
./top/vfchd_ref_design/vfchd_i2cmux/I2cMuxAndExpReqArbiter.v;YES;YES;YES;NO;2005;// SPDX-FileCopyrightText: 2025 CERN (home.cern)
./top/vfchd_ref_design/vfchd_i2cmux/I2cMuxAndExpMaster.v;YES;YES;YES;NO;2005;// SPDX-FileCopyrightText: 2025 CERN (home.cern)
./platform/xilinx/wr_gtp_phy/xilinx-ip/gthe4/gtwizard_ultrascale_2_gtwizard_top.v;YES;NO;NO;NO;2013;//  (c) Copyright 2013-2015 Xilinx, Inc. All rights reserved.
./platform/xilinx/wr_gtp_phy/xilinx-ip/gthe4/gtwizard_ultrascale_v1_7_gthe4_channel.v;YES;NO;NO;NO;2013;//  (c) Copyright 2013-2015 Xilinx, Inc. All rights reserved.
./platform/xilinx/wr_gtp_phy/xilinx-ip/gthe4/gtwizard_ultrascale_2_gthe4_channel_wrapper.v;YES;NO;NO;NO;2013;//  (c) Copyright 2013-2018 Xilinx, Inc. All rights reserved.
./platform/xilinx/wr_gtp_phy/xilinx-ip/gthe4/gtwizard_ultrascale_2_gtwizard_gthe4.v;YES;NO;NO;NO;2013;//  (c) Copyright 2013-2015 Xilinx, Inc. All rights reserved.
./platform/xilinx/wr_gtp_phy/xilinx-ip/gthe4/gtwizard_ultrascale_2.v;YES;NO;NO;NO;1995;// (c) Copyright 1995-2024 Xilinx, Inc. All rights reserved.
./platform/xilinx/wr_gtp_phy/xilinx-ip/gthe3/wr_gth_wrapper_example_gtwiz_userclk_tx.v;YES;NO;NO;NO;2013;//  (c) Copyright 2013-2018 Xilinx, Inc. All rights reserved.
./platform/xilinx/wr_gtp_phy/xilinx-ip/gthe3/wr_gth_wrapper_example_init.v;YES;NO;NO;NO;2013;//  (c) Copyright 2013-2018 Xilinx, Inc. All rights reserved.
./platform/xilinx/wr_gtp_phy/xilinx-ip/gthe3/wr_gth_wrapper_example_bit_sync.v;YES;NO;NO;NO;2013;//  (c) Copyright 2013-2018 Xilinx, Inc. All rights reserved.
./platform/xilinx/wr_gtp_phy/xilinx-ip/gthe3/wr_gth_wrapper_example_wrapper_functions.v;YES;NO;NO;NO;2013;//  (c) Copyright 2013-2018 Xilinx, Inc. All rights reserved.
./platform/xilinx/wr_gtp_phy/xilinx-ip/gthe3/gtwizard_ultrascale_v1_7_gthe3_channel.v;YES;NO;NO;NO;2013;//  (c) Copyright 2013-2015 Xilinx, Inc. All rights reserved.
./platform/xilinx/wr_gtp_phy/xilinx-ip/gthe3/wr_gth_wrapper_example_gtwiz_userclk_rx.v;YES;NO;NO;NO;2013;//  (c) Copyright 2013-2018 Xilinx, Inc. All rights reserved.
./platform/xilinx/wr_gtp_phy/xilinx-ip/gthe3/wr_gth_wrapper_example_top.v;YES;NO;NO;NO;2013;//  (c) Copyright 2013-2018 Xilinx, Inc. All rights reserved.
./platform/xilinx/wr_gtp_phy/xilinx-ip/gthe3/wr_gth_wrapper_example_reset_sync.v;YES;NO;NO;NO;2013;//  (c) Copyright 2013-2018 Xilinx, Inc. All rights reserved.
./platform/xilinx/wr_gtp_phy/xilinx-ip/gthe3/wr_gth_wrapper_example_wrapper.v;YES;NO;NO;NO;2013;//  (c) Copyright 2013-2018 Xilinx, Inc. All rights reserved.
./platform/xilinx/wr_gtp_phy/xilinx-ip/gthe3/wr_gth_wrapper_gthe3_channel_wrapper.v;YES;NO;NO;NO;2013;//  (c) Copyright 2013-2018 Xilinx, Inc. All rights reserved.
./platform/xilinx/wr_gtp_phy/xilinx-ip/gthe3/wr_gth_wrapper_gtwizard_gthe3.v;YES;NO;NO;NO;2013;//  (c) Copyright 2013-2015 Xilinx, Inc. All rights reserved.
./platform/xilinx/wr_gtp_phy/xilinx-ip/gthe3/wr_gth_wrapper_gtwizard_top.v;YES;NO;NO;NO;2013;//  (c) Copyright 2013-2015 Xilinx, Inc. All rights reserved.
./platform/xilinx/wr_gtp_phy/xilinx-ip/gthe3/wr_gth_wrapper.v;YES;NO;NO;NO;1995;// (c) Copyright 1995-2024 Xilinx, Inc. All rights reserved.
./platform/xilinx/wr_gtp_phy/xilinx-ip/common/gtwizard_ultrascale_v1_7_gthe3_cpll_cal.v;YES;NO;NO;NO;2013;//  (c) Copyright 2013-2015 Xilinx, Inc. All rights reserved.
./platform/xilinx/wr_gtp_phy/xilinx-ip/common/gtwizard_ultrascale_v1_7_gthe4_delay_powergood.v;YES;NO;NO;NO;2013;//  (c) Copyright 2013-2015 Xilinx, Inc. All rights reserved.
./platform/xilinx/wr_gtp_phy/xilinx-ip/common/gtwizard_ultrascale_v1_7_gthe4_cpll_cal.v;YES;NO;NO;NO;2013;//  (c) Copyright 2013-2015 Xilinx, Inc. All rights reserved.
./platform/xilinx/wr_gtp_phy/xilinx-ip/common/gtwizard_ultrascale_v1_7_gtwiz_buffbypass_tx.v;YES;NO;NO;NO;2013;//  (c) Copyright 2013-2015 Xilinx, Inc. All rights reserved.
./platform/xilinx/wr_gtp_phy/xilinx-ip/common/gtwizard_ultrascale_v1_7_reset_inv_sync.v;YES;NO;NO;NO;2013;//  (c) Copyright 2013-2015 Xilinx, Inc. All rights reserved.
./platform/xilinx/wr_gtp_phy/xilinx-ip/common/gtwizard_ultrascale_v1_7_gte4_drp_arb.v;YES;NO;NO;NO;2013;//  (c) Copyright 2013-2015 Xilinx, Inc. All rights reserved.
./platform/xilinx/wr_gtp_phy/xilinx-ip/common/gtwizard_ultrascale_v1_7_reset_sync.v;YES;NO;NO;NO;2013;//  (c) Copyright 2013-2015 Xilinx, Inc. All rights reserved.
./platform/xilinx/wr_gtp_phy/xilinx-ip/common/gtwizard_ultrascale_v1_7_gtwiz_userclk_rx.v;YES;NO;NO;NO;2013;//  (c) Copyright 2013-2015 Xilinx, Inc. All rights reserved.
./platform/xilinx/wr_gtp_phy/xilinx-ip/common/gtwizard_ultrascale_v1_7_gthe4_cpll_cal_rx.v;YES;NO;NO;NO;2013;//  (c) Copyright 2013-2015 Xilinx, Inc. All rights reserved.
./platform/xilinx/wr_gtp_phy/xilinx-ip/common/gtwizard_ultrascale_v1_7_gtwiz_userdata_rx.v;YES;NO;NO;NO;2013;//  (c) Copyright 2013-2015 Xilinx, Inc. All rights reserved.
./platform/xilinx/wr_gtp_phy/xilinx-ip/common/gtwizard_ultrascale_v1_7_gtwiz_buffbypass_rx.v;YES;NO;NO;NO;2013;//  (c) Copyright 2013-2015 Xilinx, Inc. All rights reserved.
./platform/xilinx/wr_gtp_phy/xilinx-ip/common/gtwizard_ultrascale_v1_7_gtwiz_userclk_tx.v;YES;NO;NO;NO;2013;//  (c) Copyright 2013-2015 Xilinx, Inc. All rights reserved.
./platform/xilinx/wr_gtp_phy/xilinx-ip/common/gtwizard_ultrascale_v1_7_gtwiz_reset.v;YES;NO;NO;NO;2013;//  (c) Copyright 2013-2015 Xilinx, Inc. All rights reserved.
./platform/xilinx/wr_gtp_phy/xilinx-ip/common/gtwizard_ultrascale_v1_7_gtwiz_userdata_tx.v;YES;NO;NO;NO;2013;//  (c) Copyright 2013-2015 Xilinx, Inc. All rights reserved.
./platform/xilinx/wr_gtp_phy/xilinx-ip/common/gtwizard_ultrascale_v1_7_gthe3_cal_freqcnt.v;YES;NO;NO;NO;2013;//  (c) Copyright 2013-2015 Xilinx, Inc. All rights reserved.
./platform/xilinx/wr_gtp_phy/xilinx-ip/common/gtwizard_ultrascale_v1_7_gthe4_cpll_cal_tx.v;YES;NO;NO;NO;2013;//  (c) Copyright 2013-2015 Xilinx, Inc. All rights reserved.
./platform/xilinx/wr_gtp_phy/xilinx-ip/common/gtwizard_ultrascale_v1_7_bit_sync.v;YES;NO;NO;NO;2013;//  (c) Copyright 2013-2015 Xilinx, Inc. All rights reserved.
./platform/xilinx/wr_gtp_phy/xilinx-ip/common/gtwizard_ultrascale_v1_7_gthe4_cal_freqcnt.v;YES;NO;NO;NO;2013;//  (c) Copyright 2013-2015 Xilinx, Inc. All rights reserved.
./platform/xilinx/wr_gtp_phy/xilinx-ip/gthe4_lp/gtwizard_ultrascale_2_gtwizard_top.v;YES;NO;NO;NO;2013;//  (c) Copyright 2013-2015 Xilinx, Inc. All rights reserved.
./platform/xilinx/wr_gtp_phy/xilinx-ip/gthe4_lp/gtwizard_ultrascale_v1_7_gthe4_channel.v;YES;NO;NO;NO;2013;//  (c) Copyright 2013-2015 Xilinx, Inc. All rights reserved.
./platform/xilinx/wr_gtp_phy/xilinx-ip/gthe4_lp/gtwizard_ultrascale_2_gtwizard_gthe4.v;YES;NO;NO;NO;2013;//  (c) Copyright 2013-2015 Xilinx, Inc. All rights reserved.
./platform/xilinx/wr_gtp_phy/xilinx-ip/gthe4_lp/phy_ref_clk_100/gtwizard_ultrascale_2_gthe4_channel_wrapper.v;YES;NO;NO;NO;2013;//  (c) Copyright 2013-2018 Xilinx, Inc. All rights reserved.
./platform/xilinx/wr_gtp_phy/xilinx-ip/gthe4_lp/phy_ref_clk_100/gtwizard_ultrascale_2.v;YES;NO;NO;NO;1995;// (c) Copyright 1995-2023 Xilinx, Inc. All rights reserved.
./platform/xilinx/wr_gtp_phy/xilinx-ip/gthe4_lp/phy_ref_clk_125/gtwizard_ultrascale_2_gthe4_channel_wrapper.v;YES;NO;NO;NO;2013;//  (c) Copyright 2013-2018 Xilinx, Inc. All rights reserved.
./platform/xilinx/wr_gtp_phy/xilinx-ip/gthe4_lp/phy_ref_clk_125/gtwizard_ultrascale_2.v;YES;NO;NO;NO;1995;// (c) Copyright 1995-2023 Xilinx, Inc. All rights reserved.
./platform/xilinx/wr_gtp_phy/xilinx-ip/gthe4_lp/common/gtwizard_ultrascale_v1_7_gtye4_delay_powergood.v;YES;NO;NO;NO;2013;//  (c) Copyright 2013-2015 Xilinx, Inc. All rights reserved.
./platform/xilinx/wr_gtp_phy/xilinx-ip/gthe4_lp/common/gtwizard_ultrascale_v1_7_gthe3_cpll_cal.v;YES;NO;NO;NO;2013;//  (c) Copyright 2013-2015 Xilinx, Inc. All rights reserved.
./platform/xilinx/wr_gtp_phy/xilinx-ip/gthe4_lp/common/gtwizard_ultrascale_v1_7_gthe4_delay_powergood.v;YES;NO;NO;NO;2013;//  (c) Copyright 2013-2015 Xilinx, Inc. All rights reserved.
./platform/xilinx/wr_gtp_phy/xilinx-ip/gthe4_lp/common/gtwizard_ultrascale_v1_7_gthe4_cpll_cal.v;YES;NO;NO;NO;2013;//  (c) Copyright 2013-2015 Xilinx, Inc. All rights reserved.
./platform/xilinx/wr_gtp_phy/xilinx-ip/gthe4_lp/common/gtwizard_ultrascale_v1_7_gtwiz_buffbypass_tx.v;YES;NO;NO;NO;2013;//  (c) Copyright 2013-2015 Xilinx, Inc. All rights reserved.
./platform/xilinx/wr_gtp_phy/xilinx-ip/gthe4_lp/common/gtwizard_ultrascale_v1_7_gtye4_cal_freqcnt.v;YES;NO;NO;NO;2013;//  (c) Copyright 2013-2015 Xilinx, Inc. All rights reserved.
./platform/xilinx/wr_gtp_phy/xilinx-ip/gthe4_lp/common/gtwizard_ultrascale_v1_7_reset_inv_sync.v;YES;NO;NO;NO;2013;//  (c) Copyright 2013-2015 Xilinx, Inc. All rights reserved.
./platform/xilinx/wr_gtp_phy/xilinx-ip/gthe4_lp/common/gtwizard_ultrascale_v1_7_gte4_drp_arb.v;YES;NO;NO;NO;2013;//  (c) Copyright 2013-2015 Xilinx, Inc. All rights reserved.
./platform/xilinx/wr_gtp_phy/xilinx-ip/gthe4_lp/common/gtwizard_ultrascale_v1_7_reset_sync.v;YES;NO;NO;NO;2013;//  (c) Copyright 2013-2015 Xilinx, Inc. All rights reserved.
./platform/xilinx/wr_gtp_phy/xilinx-ip/gthe4_lp/common/gtwizard_ultrascale_v1_7_gtwiz_userclk_rx.v;YES;NO;NO;NO;2013;//  (c) Copyright 2013-2015 Xilinx, Inc. All rights reserved.
./platform/xilinx/wr_gtp_phy/xilinx-ip/gthe4_lp/common/gtwizard_ultrascale_v1_7_gthe4_cpll_cal_rx.v;YES;NO;NO;NO;2013;//  (c) Copyright 2013-2015 Xilinx, Inc. All rights reserved.
./platform/xilinx/wr_gtp_phy/xilinx-ip/gthe4_lp/common/gtwizard_ultrascale_v1_7_gtwiz_userdata_rx.v;YES;NO;NO;NO;2013;//  (c) Copyright 2013-2015 Xilinx, Inc. All rights reserved.
./platform/xilinx/wr_gtp_phy/xilinx-ip/gthe4_lp/common/gtwizard_ultrascale_v1_7_gtwiz_buffbypass_rx.v;YES;NO;NO;NO;2013;//  (c) Copyright 2013-2015 Xilinx, Inc. All rights reserved.
./platform/xilinx/wr_gtp_phy/xilinx-ip/gthe4_lp/common/gtwizard_ultrascale_v1_7_gtye4_cpll_cal_rx.v;YES;NO;NO;NO;2013;//  (c) Copyright 2013-2015 Xilinx, Inc. All rights reserved.
./platform/xilinx/wr_gtp_phy/xilinx-ip/gthe4_lp/common/gtwizard_ultrascale_v1_7_gtwiz_userclk_tx.v;YES;NO;NO;NO;2013;//  (c) Copyright 2013-2015 Xilinx, Inc. All rights reserved.
./platform/xilinx/wr_gtp_phy/xilinx-ip/gthe4_lp/common/gtwizard_ultrascale_v1_7_gtwiz_reset.v;YES;NO;NO;NO;2013;//  (c) Copyright 2013-2015 Xilinx, Inc. All rights reserved.
./platform/xilinx/wr_gtp_phy/xilinx-ip/gthe4_lp/common/gtwizard_ultrascale_v1_7_gtwiz_userdata_tx.v;YES;NO;NO;NO;2013;//  (c) Copyright 2013-2015 Xilinx, Inc. All rights reserved.
./platform/xilinx/wr_gtp_phy/xilinx-ip/gthe4_lp/common/gtwizard_ultrascale_v1_7_gthe3_cal_freqcnt.v;YES;NO;NO;NO;2013;//  (c) Copyright 2013-2015 Xilinx, Inc. All rights reserved.
./platform/xilinx/wr_gtp_phy/xilinx-ip/gthe4_lp/common/gtwizard_ultrascale_v1_7_gthe4_cpll_cal_tx.v;YES;NO;NO;NO;2013;//  (c) Copyright 2013-2015 Xilinx, Inc. All rights reserved.
./platform/xilinx/wr_gtp_phy/xilinx-ip/gthe4_lp/common/gtwizard_ultrascale_v1_7_bit_sync.v;YES;NO;NO;NO;2013;//  (c) Copyright 2013-2015 Xilinx, Inc. All rights reserved.
./platform/xilinx/wr_gtp_phy/xilinx-ip/gthe4_lp/common/gtwizard_ultrascale_v1_7_gthe4_cal_freqcnt.v;YES;NO;NO;NO;2013;//  (c) Copyright 2013-2015 Xilinx, Inc. All rights reserved.
./platform/xilinx/wr_gtp_phy/xilinx-ip/gthe4_lp/common/gtwizard_ultrascale_v1_7_gtye4_cpll_cal.v;YES;NO;NO;NO;2013;//  (c) Copyright 2013-2015 Xilinx, Inc. All rights reserved.
./platform/xilinx/wr_gtp_phy/xilinx-ip/gthe4_lp/common/gtwizard_ultrascale_v1_7_gtye4_cpll_cal_tx.v;YES;NO;NO;NO;2013;//  (c) Copyright 2013-2015 Xilinx, Inc. All rights reserved.
./sim/softpll_regs_ng.vh;YES;YES;YES;NO;2025;// SPDX-FileCopyrightText: 2025 CERN (home.cern)
./sim/vic_regs.vh;YES;YES;YES;NO;2025;// SPDX-FileCopyrightText: 2025 CERN (home.cern)
./sim/minic_regs.vh;YES;YES;YES;NO;2025;// SPDX-FileCopyrightText: 2025 CERN (home.cern)
./sim/txtsu_regs.vh;YES;YES;YES;NO;2025;// SPDX-FileCopyrightText: 2025 CERN (home.cern)
./sim/wrc_syscon_regs.vh;YES;YES;YES;NO;2025;// SPDX-FileCopyrightText: 2025 CERN (home.cern)
./sim/nic_regs.vh;YES;YES;YES;NO;2025;// SPDX-FileCopyrightText: 2025 CERN (home.cern)
./sim/wrc_diags_regs.vh;YES;YES;YES;NO;2025;// SPDX-FileCopyrightText: 2025 CERN (home.cern)
./sim/tbi_utils.sv;YES;YES;YES;NO;2011;// SPDX-FileCopyrightText: 2011 CERN (home.cern)
./sim/fabric_emu/fabric_demo_tap.sv;YES;YES;YES;NO;2011;// SPDX-FileCopyrightText: 2011 CERN (home.cern)
./sim/fabric_emu/fabric_emu_funcs.sv;YES;YES;YES;NO;2011;// SPDX-FileCopyrightText: 2011 CERN (home.cern)
./sim/fabric_emu/fabric_emu_demo.sv;YES;YES;YES;NO;2011;// SPDX-FileCopyrightText: 2011 CERN (home.cern)
./sim/fabric_emu/fabric_emu_defs.sv;YES;YES;YES;NO;2011;// SPDX-FileCopyrightText: 2011 CERN (home.cern)
./sim/fabric_emu/fabric_emu_tap.sv;YES;YES;YES;NO;2011;// SPDX-FileCopyrightText: 2011 CERN (home.cern)
./sim/fabric_emu/fabric_emu.sv;YES;YES;YES;NO;2000;// SPDX-FileCopyrightText: 2011 CERN (home.cern)
./testbench/top_level/main.sv;YES;YES;YES;NO;2025;// SPDX-FileCopyrightText: 2025 CERN (home.cern)
./testbench/wr_endpoint/full_tb/main.sv;YES;YES;YES;NO;2025;// SPDX-FileCopyrightText: 2025 CERN (home.cern)
./testbench/mini_bone/main.sv;YES;YES;YES;NO;2025;// SPDX-FileCopyrightText: 2025 CERN (home.cern)
./testbench/wrc_core/main.sv;YES;YES;YES;NO;2000;// SPDX-FileCopyrightText: 2000 CERN (home.cern)
./testbench/xwrf_mux/main.sv;YES;YES;YES;NO;2025;// SPDX-FileCopyrightText: 2025 CERN (home.cern)
./testbench/nic_bw_throttling/main.sv;YES;YES;YES;NO;2025;// SPDX-FileCopyrightText: 2025 CERN (home.cern)
./testbench/wr_minic_with_ep/main.sv;YES;YES;YES;NO;2025;// SPDX-FileCopyrightText: 2025 CERN (home.cern)
./testbench/xwrf_loopback/main.sv;YES;YES;YES;NO;2025;// SPDX-FileCopyrightText: 2025 CERN (home.cern)
./testbench/wr_minic/main.sv;NO;NO;NO;NO;2025;
./testbench/wr_streamers/streamers-only_multiword-transfer/main.sv;YES;YES;YES;NO;2025;// SPDX-FileCopyrightText: 2025 CERN (home.cern)
./testbench/wr_streamers/streamers-only-fixed-latency/main.sv;YES;YES;YES;NO;2025;// SPDX-FileCopyrightText: 2025 CERN (home.cern)
./testbench/wr_streamers/streamers_multi_test/main.sv;YES;YES;YES;NO;2017;// SPDX-FileCopyrightText: 2017 CERN (home.cern)
./testbench/wr_streamers/streamers-only_basic-transfer/main.sv;YES;YES;YES;NO;2025;// SPDX-FileCopyrightText: 2025 CERN (home.cern)
./testbench/wr_streamers/streamers-on-spec_trigger-distribution/riviera/main.sv;YES;YES;YES;NO;2025;// SPDX-FileCopyrightText: 2025 CERN (home.cern)
./testbench/wr_streamers/streamers-on-spec_trigger-distribution/modelsim/main.sv;YES;YES;YES;NO;2025;// SPDX-FileCopyrightText: 2025 CERN (home.cern)
./testbench/wr_ep_prbs_checker/main.sv;YES;YES;YES;NO;2025;// SPDX-FileCopyrightText: 2025 CERN (home.cern)
./top/fasec_ref_design/system_top.tcl;YES;YES;YES;NO;2016;## SPDX-FileCopyrightText: 2025 CERN (home.cern)
./top/diot_wr_mpsoc/diot_wr_mpsoc.tcl;YES;YES;YES;NO;2019;## SPDX-FileCopyrightText: 2019 CERN (home.cern)
./top/diot_wr_mpsoc/diot_ps_config.tcl;YES;YES;YES;NO;2025;## SPDX-FileCopyrightText: 2025 CERN (home.cern)
./top/diot_wr_mpsoc/diot_bd.tcl;YES;YES;YES;NO;2019;## SPDX-FileCopyrightText: 2019 CERN (home.cern)
./platform/xilinx/wr_gtp_phy/xilinx-ip/gthe4/create-gth.tcl;YES;YES;YES;NO;2025;## SPDX-FileCopyrightText: 2025 CERN (home.cern)
./platform/xilinx/wr_gtp_phy/xilinx-ip/gthe3/create_gthe3.tcl;YES;YES;YES;NO;2025;## SPDX-FileCopyrightText: 2025 CERN (home.cern)
./platform/xilinx/wr_gtp_phy/xilinx-ip/gthe4_lp/build-125.tcl;YES;YES;YES;NO;2025;## SPDX-FileCopyrightText: 2025 CERN (home.cern)
./platform/altera/wr_arria5_phy/wr_arria5_phy.tcl;YES;YES;YES;NO;2025;## SPDX-FileCopyrightText: 2025 CERN (home.cern)
./platform/altera/wr_arria2_phy/wr_arria2_phy.tcl;YES;YES;YES;NO;2025;## SPDX-FileCopyrightText: 2025 CERN (home.cern)
./platform/altera/wr_arria10_phy/wr_arria10_e3p1_phy/wr_arria10_e3p1_phy.tcl;YES;YES;YES;NO;2025;## SPDX-FileCopyrightText: 2025 CERN (home.cern)
./platform/altera/wr_arria10_phy/wr_arria10_scu4_phy/wr_arria10_scu4_phy.tcl;YES;YES;YES;NO;2025;## SPDX-FileCopyrightText: 2025 CERN (home.cern)
./platform/altera/wr_arria10_phy/wr_arria10_pex10_phy/wr_arria10_pex10_phy.tcl;YES;YES;YES;NO;2025;## SPDX-FileCopyrightText: 2025 CERN (home.cern)
./platform/altera/wr_arria10_phy/wr_arria10_ftm10_phy/wr_arria10_ftm10_phy.tcl;YES;YES;YES;NO;2025;## SPDX-FileCopyrightText: 2025 CERN (home.cern)
./platform/altera/wr_arria10_phy/wr_arria10_ftm4_phy/wr_arria10_ftm4_phy.tcl;YES;YES;YES;NO;2025;## SPDX-FileCopyrightText: 2025 CERN (home.cern)
./platform/altera/wr_arria5_pll_default/wr_arria5_pll_default.tcl;YES;YES;YES;NO;2025;## SPDX-FileCopyrightText: 2025 CERN (home.cern)
./syn/diot_wr_mpsoc/build.tcl;YES;YES;YES;NO;2025;## SPDX-FileCopyrightText: 2025 CERN (home.cern)
./syn/pxie_fmc_ref_design/pxie_fmc.tcl;YES;YES;YES;NO;2025;## SPDX-FileCopyrightText: 2025 CERN (home.cern)
./syn/vfchd_ref_design/quartus_preflow.tcl;YES;YES;YES;NO;2025;## SPDX-FileCopyrightText: 2025 CERN (home.cern)
./syn/spec_ref_design/syn_extra_steps.tcl;YES;YES;YES;NO;2025;## SPDX-FileCopyrightText: 2025 CERN (home.cern)
./syn/svec_ref_design/syn_extra_steps.tcl;YES;YES;YES;NO;2025;## SPDX-FileCopyrightText: 2025 CERN (home.cern)
./board/fasec/xgui/wrc_board_fasec_v5_0_1.tcl;YES;YES;YES;NO;2025;## SPDX-FileCopyrightText: 2025 CERN (home.cern)
./top/fasec_ref_design/fasec_ref_design.xdc;YES;YES;YES;NO;2025;## SPDX-FileCopyrightText: 2025 CERN (home.cern)
./top/diot_wr_mpsoc/diot_wr_mpsoc.xdc;YES;YES;YES;NO;2025;## SPDX-FileCopyrightText: 2025 CERN (home.cern)
./top/clbv2_ref_design/clbv2_wr_ref_top.xdc;NO;NO;NO;NO;2025;
./top/clbv4_ref_design/clbv4_wr_ref_top.xdc;NO;NO;NO;NO;2025;
./top/clbv3_ref_design/clbv3_wr_ref_top.xdc;NO;NO;NO;NO;2025;
./platform/xilinx/wr_gtp_phy/xilinx-ip/gthe4/gtwizard_ultrascale_2_ooc.xdc;YES;NO;NO;NO;2013;#  (c) Copyright 2013-2018 Xilinx, Inc. All rights reserved.
./platform/xilinx/wr_gtp_phy/xilinx-ip/gthe4/gtwizard_ultrascale_2.xdc;YES;NO;NO;NO;2013;#  (c) Copyright 2013-2018 Xilinx, Inc. All rights reserved.
./platform/xilinx/wr_gtp_phy/xilinx-ip/gthe4_lp/gtwizard_ultrascale_2.xdc;YES;NO;NO;NO;2013;#  (c) Copyright 2013-2018 Xilinx, Inc. All rights reserved.
./platform/xilinx/wr_gtp_phy/xilinx-ip/gthe4_lp/phy_ref_clk_100/gtwizard_ultrascale_2_ooc.xdc;YES;NO;NO;NO;2013;#  (c) Copyright 2013-2018 Xilinx, Inc. All rights reserved.
./platform/xilinx/wr_gtp_phy/xilinx-ip/gthe4_lp/phy_ref_clk_125/gtwizard_ultrascale_2_ooc.xdc;YES;NO;NO;NO;2013;#  (c) Copyright 2013-2018 Xilinx, Inc. All rights reserved.
./syn/pxie_fmc_ref_design/pxie_fmc_ref_design.xdc;YES;YES;YES;NO;2025;## SPDX-FileCopyrightText: 2025 CERN (home.cern)
./board/fasec/wrc_board_fasec_ip.xdc;YES;YES;YES;NO;2025;## SPDX-FileCopyrightText: 2025 CERN (home.cern)
./top/pxie_fmc_ref_design/pxie_fmc_ref_top.vhd;YES;YES;YES;NO;2020;-- SPDX-FileCopyrightText: 2020 CERN (home.cern)
./top/clbv2_ref_design/clbv2_wr_ref_top.vhd;YES;NO;NO;NO;2017;-- SPDX-FileCopyrightText: 2017 Nikhef (www.nikhef.nl/en/)
./top/vxs_ref_design/vxs_wr_ref_top.vhd;YES;YES;YES;NO;2018;-- SPDX-FileCopyrightText: 2018 CERN (home.cern)
./top/vfchd_ref_design/vfchd_wr_ref_top.vhd;YES;YES;YES;NO;2017;-- SPDX-FileCopyrightText: 2017 CERN (home.cern)
./top/vfchd_ref_design/vfchd_i2cmux/vfchd_i2cmux_pkg.vhd;YES;YES;YES;NO;2025;-- SPDX-FileCopyrightText: 2025 CERN (home.cern)
./top/spec_1_1/wr_core_demo/spec_top.vhd;YES;YES;YES;NO;2011;-- SPDX-FileCopyrightText: 2011 CERN (home.cern)
./top/spec_1_1/wr_core_demo/spec_reset_gen.vhd;YES;YES;YES;NO;2025;-- SPDX-FileCopyrightText: 2025 CERN (home.cern)
./top/spec_1_1/wr_streamers_demo/timestamp_adder.vhd;YES;YES;YES;NO;2011;-- SPDX-FileCopyrightText: 2011 CERN (home.cern)
./top/spec_1_1/wr_streamers_demo/spec_top.vhd;YES;YES;YES;NO;2016;-- SPDX-FileCopyrightText: 2016 CERN (home.cern)
./top/spec_ref_design/spec_wr_ref_top.vhd;YES;YES;YES;NO;2017;-- SPDX-FileCopyrightText: 2017 CERN (home.cern)
./top/cute_ref_design/cute_wr_ref_top.vhd;YES;YES;YES;NO;2018;-- SPDX-FileCopyrightText: 2018 CERN (home.cern)
./top/cute_ref_design/cute_core_ref_top.vhd;YES;YES;YES;NO;2018;-- SPDX-FileCopyrightText: 2018 CERN (home.cern)
./top/clbv4_ref_design/clbv4_wr_ref_top.vhd;YES;NO;NO;NO;2019;-- SPDX-FileCopyrightText: 2019 Nikhef (www.nikhef.nl/en/)
./top/clbv3_ref_design/clbv3_wr_ref_top.vhd;YES;NO;NO;NO;2017;-- SPDX-FileCopyrightText: 2017 Nikhef (www.nikhef.nl/en/)
./top/svec_ref_design/svec_wr_ref_top.vhd;YES;YES;YES;NO;2017;-- SPDX-FileCopyrightText: 2017 CERN (home.cern)
./platform/xilinx/xwrc_platform_vivado.vhd;YES;YES;YES;NO;2020;-- SPDX-FileCopyrightText: 2020 CERN (home.cern)
./platform/xilinx/wr_xilinx_pkg.vhd;YES;YES;YES;NO;2016;-- SPDX-FileCopyrightText: 2016 CERN (home.cern)
./platform/xilinx/xwrc_platform_xilinx.vhd;YES;YES;YES;NO;2016;-- SPDX-FileCopyrightText: 2016 CERN (home.cern)
./platform/xilinx/wrc_dpram/wrc_platform_dpram_ultrascale.vhd;YES;YES;YES;NO;2025;-- SPDX-FileCopyrightText: 2025 CERN (home.cern)
./platform/xilinx/wrc_serdes/oserdes_8_to_1_ultrascale.vhd;YES;NO;NO;NO;2009;-- (c) Copyright 2009 - 2011 Xilinx, Inc. All rights reserved.
./platform/xilinx/wrc_serdes/xoserdes_8_to_1_7series.vhd;YES;YES;YES;NO;2012;-- SPDX-FileCopyrightText: 2012 CERN (home.cern)
./platform/xilinx/wrc_serdes/oserdes_8_to_1_7series.vhd;YES;NO;NO;NO;2009;-- (c) Copyright 2009 - 2013 Xilinx, Inc. All rights reserved.
./platform/xilinx/wrc_serdes/xoserdes_8_to_1_ultrascale.vhd;YES;YES;YES;NO;2012;-- SPDX-FileCopyrightText: 2012 CERN (home.cern)
./platform/xilinx/wrc_serdes/xoserdes_4_to_1_spartan6.vhd;YES;YES;YES;NO;2012;-- SPDX-FileCopyrightText: 2012 CERN (home.cern)
./platform/xilinx/wrc_serdes/oserdes_8_to_1_spartan6.vhd;YES;NO;NO;NO;2009;-- (c) Copyright 2009 - 2011 Xilinx, Inc. All rights reserved.
./platform/xilinx/wrc_serdes/oserdes_4_to_1_spartan6.vhd;YES;NO;NO;NO;2009;-- (c) Copyright 2009 - 2011 Xilinx, Inc. All rights reserved.
./platform/xilinx/wr_gtp_phy/whiterabbitgtx_wrapper_gtx_old.vhd;YES;NO;NO;NO;2009;-- (c) Copyright 2009-2010 Xilinx, Inc. All rights reserved.
./platform/xilinx/wr_gtp_phy/wr_gtx_phy_virtex6_old.vhd;YES;YES;YES;NO;2010;-- SPDX-FileCopyrightText: 2010 CERN (home.cern)
./platform/xilinx/wr_gtp_phy/gtp_bitslide.vhd;YES;YES;YES;NO;2010;-- SPDX-FileCopyrightText: 2010 CERN (home.cern)
./platform/xilinx/wr_gtp_phy/family7-gtx/wr_gtx_phy_family7.vhd;YES;YES;YES;NO;2010;-- SPDX-FileCopyrightText: 2010 CERN (home.cern)
./platform/xilinx/wr_gtp_phy/family7-gtx/whiterabbit_gtxe2_channel_wrapper_gt.vhd;YES;NO;NO;NO;2010;-- (c) Copyright 2010-2012 Xilinx, Inc. All rights reserved.
./platform/xilinx/wr_gtp_phy/family7-gthe3/wr_gthe3_rx_buffer_bypass.vhd;YES;YES;YES;NO;2025;-- SPDX-FileCopyrightText: 2025 CERN (home.cern)
./platform/xilinx/wr_gtp_phy/family7-gthe3/wr_gthe3_tx_buffer_bypass.vhd;YES;YES;YES;NO;2025;-- SPDX-FileCopyrightText: 2025 CERN (home.cern)
./platform/xilinx/wr_gtp_phy/family7-gthe3/wr_gthe3_reset.vhd;YES;YES;YES;NO;2025;-- SPDX-FileCopyrightText: 2025 CERN (home.cern)
./platform/xilinx/wr_gtp_phy/family7-gthe3/wr_gthe3_phy_family7.vhd;YES;YES;YES;NO;2025;-- SPDX-FileCopyrightText: 2025 CERN (home.cern)
./platform/xilinx/wr_gtp_phy/family7-gthe3/wr_gthe3_phy_family7_xilinx_ip.vhd;YES;YES;YES;NO;2025;-- SPDX-FileCopyrightText: 2025 CERN (home.cern)
./platform/xilinx/wr_gtp_phy/family7-gthe3/gc_reset_synchronizer.vhd;YES;YES;YES;NO;2025;-- SPDX-FileCopyrightText: 2025 CERN (home.cern)
./platform/xilinx/wr_gtp_phy/family7-gthe3/wr_gthe3_wrapper.vhd;YES;YES;YES;NO;2025;-- SPDX-FileCopyrightText: 2025 CERN (home.cern)
./platform/xilinx/wr_gtp_phy/spartan6/whiterabbitgtp_wrapper_tile_spartan6.vhd;YES;YES;YES;NO;2025;-- SPDX-FileCopyrightText: 2025 CERN (home.cern)
./platform/xilinx/wr_gtp_phy/spartan6/wr_gtp_phy_spartan6.vhd;YES;YES;YES;NO;2010;-- SPDX-FileCopyrightText: 2010 CERN (home.cern)
./platform/xilinx/wr_gtp_phy/spartan6/gtp_phase_align.vhd;YES;YES;YES;NO;2010;-- SPDX-FileCopyrightText: 2010 CERN (home.cern)
./platform/xilinx/wr_gtp_phy/family7-gth/wr_gth_phy_family7.vhd;YES;YES;YES;NO;2010;-- SPDX-FileCopyrightText: 2010 CERN (home.cern)
./platform/xilinx/wr_gtp_phy/family7-gth/whiterabbit_gthe2_channel_wrapper_gt.vhd;YES;NO;NO;NO;2010;-- (c) Copyright 2010-2012 Xilinx, Inc. All rights reserved.
./platform/xilinx/wr_gtp_phy/family7-gth/whiterabbit_gthe2_channel_wrapper_gtrxreset_seq.vhd;YES;NO;NO;NO;2010;-- (c) Copyright 2010-2012 Xilinx, Inc. All rights reserved.
./platform/xilinx/wr_gtp_phy/family7-gth/whiterabbit_gthe2_channel_wrapper_sync_block.vhd;YES;NO;NO;NO;2010;-- (c) Copyright 2010-2012 Xilinx, Inc. All rights reserved.
./platform/xilinx/wr_gtp_phy/kintex7/gtwizard_0_common.vhd;YES;NO;NO;NO;2010;-- (c) Copyright 2010-2012 Xilinx, Inc. All rights reserved.
./platform/xilinx/wr_gtp_phy/virtex6-low-phase-drift/whiterabbitgtx_wrapper_gtx_lp.vhd;YES;NO;NO;NO;2009;-- (c) Copyright 2009-2010 Xilinx, Inc. All rights reserved.
./platform/xilinx/wr_gtp_phy/virtex6-low-phase-drift/gtx_comma_detect_lp.vhd;YES;YES;YES;NO;2025;-- SPDX-FileCopyrightText: 2025 CERN (home.cern)
./platform/xilinx/wr_gtp_phy/virtex6-low-phase-drift/wr_gtx_phy_virtex6_lp.vhd;YES;YES;YES;NO;2010;-- SPDX-FileCopyrightText: 2010 CERN (home.cern)
./platform/xilinx/wr_gtp_phy/virtex6-low-phase-drift/gtx_tx_reset_lp.vhd;YES;YES;YES;NO;2025;-- SPDX-FileCopyrightText: 2025 CERN (home.cern)
./platform/xilinx/wr_gtp_phy/virtex5/wr_gtp_phy_virtex5.vhd;YES;YES;YES;NO;2010;-- SPDX-FileCopyrightText: 2010 CERN (home.cern)
./platform/xilinx/wr_gtp_phy/virtex5/v5_gtp_comma_detect.vhd;YES;YES;YES;NO;2025;-- SPDX-FileCopyrightText: 2025 CERN (home.cern)
./platform/xilinx/wr_gtp_phy/virtex5/v5_gtp_align_detect.vhd;YES;YES;YES;NO;2000;-- SPDX-FileCopyrightText: 2000 CERN (home.cern)
./platform/xilinx/wr_gtp_phy/virtex5/whiterabbit_gtp_wrapper_tile_virtex5.vhd;YES;NO;NO;NO;2006;-- (c) Copyright 2006-2010 Xilinx, Inc. All rights reserved.
./platform/xilinx/wr_gtp_phy/family7-gtx-lp/gtx_comma_detect_lp.vhd;YES;YES;YES;NO;2010;-- SPDX-FileCopyrightText: 2010 CERN (home.cern)
./platform/xilinx/wr_gtp_phy/family7-gtx-lp/whiterabbit_gtxe2_channel_wrapper_gt_lp.vhd;YES;NO;NO;NO;2010;-- (c) Copyright 2010-2012 Xilinx, Inc. All rights reserved.
./platform/xilinx/wr_gtp_phy/family7-gtx-lp/wr_gtx_phy_family7_lp.vhd;YES;YES;YES;NO;2010;-- SPDX-FileCopyrightText: 2010 CERN (home.cern)
./platform/xilinx/wr_gtp_phy/family7-gtp/whiterabbit_gtpe2_channel_wrapper_gt.vhd;YES;NO;NO;NO;2010;-- (c) Copyright 2010-2012 Xilinx, Inc. All rights reserved.
./platform/xilinx/wr_gtp_phy/family7-gtp/whiterabbit_gtpe2_channel_wrapper.vhd;YES;NO;NO;NO;2010;-- (c) Copyright 2010-2012 Xilinx, Inc. All rights reserved.
./platform/xilinx/wr_gtp_phy/family7-gtp/whiterabbit_gtpe2_channel_wrapper_gtrxreset_seq.vhd;YES;NO;NO;NO;2010;-- (c) Copyright 2010-2012 Xilinx, Inc. All rights reserved.
./platform/xilinx/wr_gtp_phy/family7-gtp/wr_gtp_phy_family7.vhd;YES;YES;YES;NO;2009;-- SPDX-FileCopyrightText: 2009 CERN (home.cern)
./platform/xilinx/wr_gtp_phy/family7-gthe4-lp/wr_gthe4_phy_family7_lp.vhd;YES;YES;YES;NO;2010;-- SPDX-FileCopyrightText: 2010 CERN (home.cern)
./platform/xilinx/wr_gtp_phy/common/lpdc_mdio_regs.vhd;YES;YES;YES;NO;2023;-- SPDX-FileCopyrightText: 2025 CERN (home.cern)
./platform/xilinx/wr_gtp_phy/family7-gthe4/wr_gthe4_phy_family7_xilinx_ip.vhd;YES;YES;YES;NO;2025;-- SPDX-FileCopyrightText: 2025 CERN (home.cern)
./platform/xilinx/wr_gtp_phy/kintex7-lp/gtx_idle_detect_kintex7_lp.vhd;YES;YES;YES;NO;2025;-- SPDX-FileCopyrightText: 2025 CERN (home.cern)
./platform/xilinx/wr_gtp_phy/kintex7-lp/gtx_comma_detect_kintex7_lp.vhd;YES;YES;YES;NO;2010;-- SPDX-FileCopyrightText: 2010 CERN (home.cern)
./platform/xilinx/wr_gtp_phy/kintex7-lp/wr_gtx_phy_kintex7_lp_qpll.vhd;YES;YES;YES;NO;2010;-- SPDX-FileCopyrightText: 2010 CERN (home.cern)
./platform/xilinx/wr_gtp_phy/kintex7-lp/whiterabbit_gtxe2_channel_wrapper_kintex7_lp.vhd;YES;NO;NO;NO;2010;-- (c) Copyright 2010-2012 Xilinx, Inc. All rights reserved.
./platform/xilinx/wr_gtp_phy/kintex7-lp/wr_gtx_phy_kintex7_lp.vhd;YES;YES;YES;NO;2010;-- SPDX-FileCopyrightText: 2010 CERN (home.cern)
./platform/xilinx/wr_gtp_phy/virtex6/wr_gtx_phy_virtex6.vhd;YES;YES;YES;NO;2010;-- SPDX-FileCopyrightText: 2010 CERN (home.cern)
./platform/xilinx/wr_gtp_phy/virtex6/gtx_reset.vhd;YES;YES;YES;NO;2011;-- SPDX-FileCopyrightText: 2011 CERN (home.cern)
./platform/xilinx/wr_gtp_phy/virtex6/whiterabbitgtx_wrapper_gtx.vhd;YES;NO;NO;NO;2009;-- (c) Copyright 2009-2010 Xilinx, Inc. All rights reserved.
./platform/xilinx/wr_gtp_phy/virtex6/gtp_phase_align_virtex6.vhd;YES;YES;YES;NO;2010;-- SPDX-FileCopyrightText: 2010 CERN (home.cern)
./platform/altera/xwrc_platform_altera.vhd;YES;YES;YES;NO;2016;-- SPDX-FileCopyrightText: 2016 CERN (home.cern)
./platform/altera/wr_altera_pkg.vhd;YES;YES;YES;NO;2016;-- SPDX-FileCopyrightText: 2016 CERN (home.cern)
./platform/altera/wr_arria5_phy/wr_arria5_phy.vhd;YES;NO;NO;NO;2013;-- SPDX-FileCopyrightText: 2013 GSI / Wesley W. Terpstra
./platform/altera/wr_arria2_phy/wr_arria2_phy.vhd;YES;NO;NO;NO;2010;-- SPDX-FileCopyrightText: 2013 GSI / Wesley W. Terpstra
./platform/altera/wr_arria10_phy/wr_arria10_phy.vhd;YES;NO;NO;NO;2018;-- SPDX-FileCopyrightText: 2018 GSI / A. Hahn
./board/pxie-fmc/wr_pxie_fmc_pkg.vhd;YES;YES;YES;NO;2020;-- SPDX-FileCopyrightText: 2020 CERN (home.cern)
./board/pxie-fmc/xwrc_board_pxie_fmc.vhd;YES;YES;YES;NO;2020;-- SPDX-FileCopyrightText: 2020 CERN (home.cern)
./board/pxie-fmc/wrc_board_pxie_fmc.vhd;YES;YES;YES;NO;2020;-- SPDX-FileCopyrightText: 2020 CERN (home.cern)
./board/vxs/wrc_board_vxs.vhd;YES;YES;YES;NO;2018;-- SPDX-FileCopyrightText: 2018 CERN (home.cern)
./board/vxs/xwrc_board_vxs.vhd;YES;YES;YES;NO;2018;-- SPDX-FileCopyrightText: 2018 CERN (home.cern)
./board/vxs/wr_vxs_pkg.vhd;YES;YES;YES;NO;2018;-- SPDX-FileCopyrightText: 2018 CERN (home.cern)
./board/svec/xwrc_board_svec.vhd;YES;YES;YES;NO;2017;-- SPDX-FileCopyrightText: 2017 CERN (home.cern)
./board/svec/wr_svec_pkg.vhd;YES;YES;YES;NO;2017;-- SPDX-FileCopyrightText: 2017 CERN (home.cern)
./board/svec/wrc_board_svec.vhd;YES;YES;YES;NO;2017;-- SPDX-FileCopyrightText: 2017 CERN (home.cern)
./board/fasec/xwrc_board_fasec.vhd;YES;YES;YES;NO;2017;-- SPDX-FileCopyrightText: 2017 CERN (home.cern)
./board/fasec/wrc_board_fasec.vhd;YES;YES;YES;NO;2017;-- SPDX-FileCopyrightText: 2017 CERN (home.cern)
./board/fasec/wr_fasec_pkg.vhd;YES;YES;YES;NO;2017;-- SPDX-FileCopyrightText: 2017 CERN (home.cern)
./board/diot-sb/wrc_board_diot_simple.vhd;YES;YES;YES;NO;2021;-- SPDX-FileCopyrightText: 2021 CERN (home.cern)
./board/cute/wr_cute_pkg.vhd;YES;YES;YES;NO;2017;-- SPDX-FileCopyrightText: 2017 CERN (home.cern)
./board/cute/xwrc_board_cute.vhd;YES;YES;YES;NO;2017;-- SPDX-FileCopyrightText: 2017 CERN (home.cern)
./board/cute/oserdes_4_to_1.vhd;YES;YES;YES;NO;2025;-- SPDX-FileCopyrightText: 2025 CERN (home.cern)
./board/clbv2/xwrc_board_clbv2.vhd;YES;NO;NO;NO;2017;-- SPDX-FileCopyrightText: 2024 Nikhef (www.nikhef.nl/en/)
./board/clbv2/wrc_board_clbv2.vhd;YES;NO;NO;NO;2017;-- SPDX-FileCopyrightText: 2017 Nikhef (www.nikhef.nl/en/)
./board/clbv2/wr_clbv2_pkg.vhd;YES;NO;NO;NO;2017;-- SPDX-FileCopyrightText: 2017 Nikhef (www.nikhef.nl/en/)
./board/common/xwrc_board_common.vhd;YES;YES;YES;NO;2017;-- SPDX-FileCopyrightText: 2017 CERN (home.cern)
./board/common/wr_board_pkg.vhd;YES;YES;YES;NO;2017;-- SPDX-FileCopyrightText: 2017 CERN (home.cern)
./board/clbv3/xwrc_board_clbv3.vhd;YES;NO;NO;NO;2017;-- SPDX-FileCopyrightText: 2017 Nikhef (www.nikhef.nl/en/)
./board/clbv3/wr_clbv3_pkg.vhd;YES;NO;NO;NO;2017;-- SPDX-FileCopyrightText: 2017 Nikhef (www.nikhef.nl/en/)
./board/clbv3/wrc_board_clbv3.vhd;YES;NO;NO;NO;2017;-- SPDX-FileCopyrightText: 2017 Nikhef (www.nikhef.nl/en/)
./board/clbv4/xwrc_board_clbv4.vhd;YES;NO;NO;NO;2019;-- SPDX-FileCopyrightText: 2024 Nikhef (www.nikhef.nl/en/)
./board/clbv4/wrc_board_clbv4.vhd;YES;NO;NO;NO;2019;-- SPDX-FileCopyrightText: 2019 Nikhef (www.nikhef.nl/en/)
./board/clbv4/wr_clbv4_pkg.vhd;YES;NO;NO;NO;2017;-- SPDX-FileCopyrightText: 2017 Nikhef (www.nikhef.nl/en/)
./board/spec/xwrc_board_spec.vhd;YES;YES;YES;NO;2017;-- SPDX-FileCopyrightText: 2017 CERN (home.cern)
./board/spec/wr_spec_pkg.vhd;YES;YES;YES;NO;2017;-- SPDX-FileCopyrightText: 2017 CERN (home.cern)
./board/spec/wrc_board_spec.vhd;YES;YES;YES;NO;2017;-- SPDX-FileCopyrightText: 2017 CERN (home.cern)
./board/vfchd/wrc_board_vfchd.vhd;YES;YES;YES;NO;2016;-- SPDX-FileCopyrightText: 2016 CERN (home.cern)
./board/vfchd/wr_vfchd_pkg.vhd;YES;YES;YES;NO;2016;-- SPDX-FileCopyrightText: 2016 CERN (home.cern)
./board/vfchd/sfp_i2c_adapter.vhd;YES;YES;YES;NO;2016;-- SPDX-FileCopyrightText: 2016 CERN (home.cern)
./board/vfchd/xwrc_board_vfchd.vhd;YES;YES;YES;NO;2016;-- SPDX-FileCopyrightText: 2016 CERN (home.cern)
./testbench/top_level/gn4124_bfm/textutil.vhd;YES;YES;YES;NO;1993;-- SPDX-FileCopyrightText: 1993 CERN (home.cern)
./testbench/top_level/gn4124_bfm/util.vhd;YES;YES;YES;NO;2025;-- SPDX-FileCopyrightText: 2025 CERN (home.cern)
./testbench/top_level/gn4124_bfm/gn412x_bfm.vhd;YES;YES;YES;NO;2025;-- SPDX-FileCopyrightText: 2025 CERN (home.cern)
./testbench/top_level/gn4124_bfm/mem_model.vhd;YES;YES;YES;NO;2025;-- SPDX-FileCopyrightText: 2025 CERN (home.cern)
./testbench/dac/serial_dac856x_tb.vhd;YES;YES;YES;NO;2025;-- SPDX-FileCopyrightText: 2025 CERN (home.cern)
./testbench/wr_streamers/streamers-on-spec_trigger-distribution/synthesis_descriptor.vhd;YES;YES;YES;NO;2019;-- SPDX-FileCopyrightText: 2025 CERN (home.cern)
./modules/wr_endpoint/ep_clock_alignment_fifo.vhd;YES;YES;YES;NO;2009;-- SPDX-FileCopyrightText: 2009 CERN (home.cern)
./modules/wr_endpoint/ep_rx_pcs_16bit.vhd;YES;YES;YES;NO;2009;-- SPDX-FileCopyrightText: 2009 CERN (home.cern)
./modules/wr_endpoint/endpoint_private_pkg.vhd;YES;YES;YES;NO;2009;-- SPDX-FileCopyrightText: 2009 CERN (home.cern)
./modules/wr_endpoint/ep_sync_detect_16bit.vhd;YES;YES;YES;NO;2010;-- SPDX-FileCopyrightText: 2010 CERN (home.cern)
./modules/wr_endpoint/ep_rx_buffer.vhd;YES;YES;YES;NO;2010;-- SPDX-FileCopyrightText: 2010 CERN (home.cern)
./modules/wr_endpoint/ep_registers_pkg.vhd;YES;YES;YES;NO;2025;-- SPDX-FileCopyrightText: 2025 CERN (home.cern)
./modules/wr_endpoint/ep_tx_vlan_unit.vhd;YES;YES;YES;NO;2012;-- SPDX-FileCopyrightText: 2012 CERN (home.cern)
./modules/wr_endpoint/ep_rx_vlan_unit.vhd;YES;YES;YES;NO;2011;-- SPDX-FileCopyrightText: 2011 CERN (home.cern)
./modules/wr_endpoint/ep_rtu_header_extract.vhd;YES;YES;YES;NO;2012;-- SPDX-FileCopyrightText: 2012 CERN (home.cern)
./modules/wr_endpoint/ep_packet_filter.vhd;YES;YES;YES;NO;2000;-- SPDX-FileCopyrightText: 2000 CERN (home.cern)
./modules/wr_endpoint/ep_tx_framer.vhd;YES;YES;YES;NO;2009;-- SPDX-FileCopyrightText: 2009 CERN (home.cern)
./modules/wr_endpoint/ep_rx_wb_master.vhd;YES;YES;YES;NO;2009;-- SPDX-FileCopyrightText: 2009 CERN (home.cern)
./modules/wr_endpoint/ep_rx_crc_size_check.vhd;YES;YES;YES;NO;2011;-- SPDX-FileCopyrightText: 2011 CERN (home.cern)
./modules/wr_endpoint/ep_rx_path.vhd;YES;YES;YES;NO;2009;-- SPDX-FileCopyrightText: 2009 CERN (home.cern)
./modules/wr_endpoint/ep_autonegotiation.vhd;YES;YES;YES;NO;2009;-- SPDX-FileCopyrightText: 2009 CERN (home.cern)
./modules/wr_endpoint/ep_leds_controller.vhd;YES;YES;YES;NO;2012;-- SPDX-FileCopyrightText: 2012 CERN (home.cern)
./modules/wr_endpoint/ep_sync_detect.vhd;YES;YES;YES;NO;2008;-- SPDX-FileCopyrightText: 2008 CERN (home.cern)
./modules/wr_endpoint/ep_tx_pcs_8bit.vhd;YES;YES;YES;NO;2009;-- SPDX-FileCopyrightText: 2009 CERN (home.cern)
./modules/wr_endpoint/ep_tx_crc_inserter.vhd;YES;YES;YES;NO;2009;-- SPDX-FileCopyrightText: 2009 CERN (home.cern)
./modules/wr_endpoint/ep_tx_inject_ctrl.vhd;YES;YES;YES;NO;2014;-- SPDX-FileCopyrightText: 2014 CERN (home.cern)
./modules/wr_endpoint/ep_rmon_counters.vhd;YES;YES;YES;NO;2009;-- SPDX-FileCopyrightText: 2009 CERN (home.cern)
./modules/wr_endpoint/ep_tx_path.vhd;YES;YES;YES;NO;2009;-- SPDX-FileCopyrightText: 2009 CERN (home.cern)
./modules/wr_endpoint/ep_tx_packet_injection.vhd;YES;YES;YES;NO;2012;-- SPDX-FileCopyrightText: 2012 CERN (home.cern)
./modules/wr_endpoint/ep_tx_pcs_16bit.vhd;YES;YES;YES;NO;2009;-- SPDX-FileCopyrightText: 2009 CERN (home.cern)
./modules/wr_endpoint/ep_rx_oob_insert.vhd;YES;YES;YES;NO;2011;-- SPDX-FileCopyrightText: 2011 CERN (home.cern)
./modules/wr_endpoint/ep_rx_status_reg_insert.vhd;YES;YES;YES;NO;2011;-- SPDX-FileCopyrightText: 2011 CERN (home.cern)
./modules/wr_endpoint/ep_flow_control.vhd;YES;YES;YES;NO;2009;-- SPDX-FileCopyrightText: 2009 CERN (home.cern)
./modules/wr_endpoint/ep_1000basex_pcs.vhd;YES;YES;YES;NO;2009;-- SPDX-FileCopyrightText: 2009 CERN (home.cern)
./modules/wr_endpoint/ep_rx_early_address_match.vhd;YES;YES;YES;NO;2011;-- SPDX-FileCopyrightText: 2011 CERN (home.cern)
./modules/wr_endpoint/ep_ts_counter.vhd;YES;YES;YES;NO;2009;-- SPDX-FileCopyrightText: 2009 CERN (home.cern)
./modules/wr_endpoint/ep_rx_bypass_queue.vhd;YES;YES;YES;NO;2009;-- SPDX-FileCopyrightText: 2009 CERN (home.cern)
./modules/wr_endpoint/ep_crc32_pkg.vhd;YES;YES;YES;NO;2012;-- SPDX-FileCopyrightText: 2012 CERN (home.cern)
./modules/wr_endpoint/ep_tx_header_processor.vhd;YES;YES;YES;NO;2009;-- SPDX-FileCopyrightText: 2009 CERN (home.cern)
./modules/wr_endpoint/wr_endpoint.vhd;YES;YES;YES;NO;2010;-- SPDX-FileCopyrightText: 2010 CERN (home.cern)
./modules/wr_endpoint/endpoint_pkg.vhd;YES;YES;YES;NO;2010;-- SPDX-FileCopyrightText: 2010 CERN (home.cern)
./modules/wr_endpoint/xwr_endpoint.vhd;YES;YES;YES;NO;2010;-- SPDX-FileCopyrightText: 2010 CERN (home.cern)
./modules/wr_endpoint/ep_rx_pcs_8bit.vhd;YES;YES;YES;NO;2009;-- SPDX-FileCopyrightText: 2009 CERN (home.cern)
./modules/wr_endpoint/ep_mdio_regs.vhd;YES;YES;YES;NO;2023;-- SPDX-FileCopyrightText: 2025 CERN (home.cern)
./modules/wr_endpoint/ep_wishbone_controller.vhd;YES;YES;YES;NO;2025;-- SPDX-FileCopyrightText: 2025 CERN (home.cern)
./modules/wr_endpoint/ep_timestamping_unit.vhd;YES;YES;YES;NO;2009;-- SPDX-FileCopyrightText: 2009 CERN (home.cern)
./modules/wr_sit5359_interface/wr_sit5359_interface.vhd;YES;YES;YES;NO;2013;-- SPDX-FileCopyrightText: 2013 CERN (home.cern)
./modules/wr_sit5359_interface/sit5359_if_wb.vhd;YES;YES;YES;NO;2025;-- SPDX-FileCopyrightText: 2025 CERN (home.cern)
./modules/wr_sit5359_interface/sit5359_regs_pkg.vhd;YES;YES;YES;NO;2025;-- SPDX-FileCopyrightText: 2025 CERN (home.cern)
./modules/wr_sit5359_interface/xwr_sit5359_interface.vhd;YES;YES;YES;NO;2013;-- SPDX-FileCopyrightText: 2013 CERN (home.cern)
./modules/wr_nic/xwr_nic.vhd;YES;YES;YES;NO;2012;-- SPDX-FileCopyrightText: 2012 CERN (home.cern)
./modules/wr_nic/nic_bw_throttling.vhd;YES;YES;YES;NO;2016;-- SPDX-FileCopyrightText: 2016 CERN (home.cern)
./modules/wr_nic/nic_tx_fsm.vhd;YES;YES;YES;NO;2010;-- SPDX-FileCopyrightText: 2010 CERN (home.cern)
./modules/wr_nic/nic_constants_pkg.vhd;YES;YES;YES;NO;2010;-- SPDX-FileCopyrightText: 2010 CERN (home.cern)
./modules/wr_nic/nic_elastic_buffer.vhd;YES;YES;YES;NO;2012;-- SPDX-FileCopyrightText: 2012 CERN (home.cern)
./modules/wr_nic/nic_rx_fsm.vhd;YES;YES;YES;NO;2010;-- SPDX-FileCopyrightText: 2010 CERN (home.cern)
./modules/wr_nic/wr_nic_wrapper.vhd;YES;YES;YES;NO;2019;-- SPDX-FileCopyrightText: 2019 CERN (home.cern)
./modules/wr_nic/wr_nic.vhd;YES;YES;YES;NO;2012;-- SPDX-FileCopyrightText: 2012 CERN (home.cern)
./modules/wr_nic/nic_wishbone_slave.vhd;YES;YES;YES;NO;2016;-- SPDX-FileCopyrightText: 2016 CERN (home.cern)
./modules/wr_nic/nic_wbgen2_pkg.vhd;YES;YES;YES;NO;2016;-- SPDX-FileCopyrightText: 2016 CERN (home.cern)
./modules/wr_nic/wr_nic_wrapper_pkg.vhd;YES;YES;YES;NO;2019;-- SPDX-FileCopyrightText: 2019 CERN (home.cern)
./modules/wr_nic/nic_descriptors_pkg.vhd;YES;YES;YES;NO;2010;-- SPDX-FileCopyrightText: 2010 CERN (home.cern)
./modules/wr_nic/nic_descriptor_manager.vhd;YES;YES;YES;NO;2010;-- SPDX-FileCopyrightText: 2010 CERN (home.cern)
./modules/wr_nic/nic_buffer.vhd;YES;YES;YES;NO;2010;-- SPDX-FileCopyrightText: 2010 CERN (home.cern)
./modules/wr_pps_gen/wr_pps_gen.vhd;YES;YES;YES;NO;2010;-- SPDX-FileCopyrightText: 2010 CERN (home.cern)
./modules/wr_pps_gen/xwr_pps_gen.vhd;YES;YES;YES;NO;2010;-- SPDX-FileCopyrightText: 2010 CERN (home.cern)
./modules/wr_pps_gen/pps_gen_wb.vhd;YES;YES;YES;NO;2019;-- SPDX-FileCopyrightText: 2019 CERN (home.cern)
./modules/wr_dacs/cute_serial_dac.vhd;YES;YES;YES;NO;2009;-- SPDX-FileCopyrightText: 2009 CERN (home.cern)
./modules/wr_dacs/serial_dac856x.vhd;YES;YES;YES;NO;2025;-- SPDX-FileCopyrightText: 2025 CERN (home.cern)
./modules/wr_dacs/spec_serial_dac.vhd;YES;YES;YES;NO;2009;-- SPDX-FileCopyrightText: 2009 CERN (home.cern)
./modules/wr_dacs/cute_serial_dac_arb.vhd;YES;YES;YES;NO;2018;-- SPDX-FileCopyrightText: 2018 CERN (home.cern)
./modules/wr_dacs/spec_serial_dac_arb.vhd;YES;YES;YES;NO;2011;-- SPDX-FileCopyrightText: 2011 CERN (home.cern)
./modules/wr_dacs/wrc_dac_dithering.vhd;YES;YES;YES;NO;2012;-- SPDX-FileCopyrightText: 2012 CERN (home.cern)
./modules/wrc_core/wrc_cpu_csr_wb.vhd;YES;YES;YES;NO;2021;-- SPDX-FileCopyrightText: 2021 CERN (home.cern)
./modules/wrc_core/wrc_diags_dpram.vhd;YES;YES;YES;NO;2011;-- SPDX-FileCopyrightText: 2011 CERN (home.cern)
./modules/wrc_core/wrc_syscon_wb.vhd;YES;YES;YES;NO;2023;-- SPDX-FileCopyrightText: 2023 CERN (home.cern)
./modules/wrc_core/xwr_core.vhd;YES;YES;YES;NO;2011;-- SPDX-FileCopyrightText: 2011 CERN (home.cern)
./modules/wrc_core/wrc_urv_wrapper.vhd;YES;YES;YES;NO;2014;-- SPDX-FileCopyrightText: 2014 CERN (home.cern)
./modules/wrc_core/wrc_periph.vhd;YES;YES;YES;NO;2011;-- SPDX-FileCopyrightText: 2011 CERN (home.cern)
./modules/wrc_core/wrc_syscon_pkg.vhd;YES;YES;YES;NO;2023;-- SPDX-FileCopyrightText: 2023 CERN (home.cern)
./modules/wrc_core/wrc_cpu_csr_wbgen2_pkg.vhd;YES;YES;YES;NO;2021;-- SPDX-FileCopyrightText: 2021 CERN (home.cern)
./modules/wrc_core/wr_core.vhd;YES;YES;YES;NO;2011;-- SPDX-FileCopyrightText: 2011 CERN (home.cern)
./modules/wrc_core/wrcore_pkg.vhd;YES;YES;YES;NO;2011;-- SPDX-FileCopyrightText: 2011 CERN (home.cern)
./modules/wr_mini_nic/minic_wbgen2_pkg.vhd;YES;YES;YES;NO;2020;-- SPDX-FileCopyrightText: 2020 CERN (home.cern)
./modules/wr_mini_nic/xwr_mini_nic.vhd;YES;YES;YES;NO;2010;-- SPDX-FileCopyrightText: 2010 CERN (home.cern)
./modules/wr_mini_nic/minic_wb_slave.vhd;YES;YES;YES;NO;2020;-- SPDX-FileCopyrightText: 2020 CERN (home.cern)
./modules/wr_mini_nic/minic_packet_buffer.vhd;YES;YES;YES;NO;2010;-- SPDX-FileCopyrightText: 2010 CERN (home.cern)
./modules/wr_mini_nic/wr_mini_nic.vhd;YES;YES;YES;NO;2010;-- SPDX-FileCopyrightText: 2010 CERN (home.cern)
./modules/wr_tbi_phy/enc_8b10b.vhd;NO;NO;NO;NO;2025;
./modules/wr_tbi_phy/wr_tbi_phy.vhd;YES;YES;YES;NO;2010;-- SPDX-FileCopyrightText: 2010 CERN (home.cern)
./modules/wr_tbi_phy/dec_8b10b.vhd;NO;NO;NO;NO;2025;
./modules/wr_tbi_phy/disparity_gen_pkg.vhd;NO;NO;NO;NO;2025;
./modules/fabric/wr_fabric_pkg.vhd;YES;YES;YES;NO;2012;-- SPDX-FileCopyrightText: 2012 CERN (home.cern)
./modules/fabric/xwb_fabric_source.vhd;YES;YES;YES;NO;2011;-- SPDX-FileCopyrightText: 2011 CERN (home.cern)
./modules/fabric/xwrf_reg.vhd;YES;YES;YES;NO;2014;-- SPDX-FileCopyrightText: 2014 CERN (home.cern)
./modules/fabric/xwrf_mux.vhd;YES;YES;YES;NO;2011;-- SPDX-FileCopyrightText: 2011 CERN (home.cern)
./modules/fabric/xwb_fabric_sink.vhd;YES;YES;YES;NO;2011;-- SPDX-FileCopyrightText: 2011 CERN (home.cern)
./modules/fabric/xwrf_loopback/lbk_pkg.vhd;YES;YES;YES;NO;2015;-- SPDX-FileCopyrightText: 2015 CERN (home.cern)
./modules/fabric/xwrf_loopback/lbk_wishbone_controller.vhd;YES;YES;YES;NO;2015;-- SPDX-FileCopyrightText: 2015 CERN (home.cern)
./modules/fabric/xwrf_loopback/wrf_loopback.vhd;YES;YES;YES;NO;2025;-- SPDX-FileCopyrightText: 2025 CERN (home.cern)
./modules/fabric/xwrf_loopback/xwrf_loopback.vhd;YES;YES;YES;NO;2025;-- SPDX-FileCopyrightText: 2025 CERN (home.cern)
./modules/wr_timecodes/utc2bcd.vhd;YES;YES;YES;NO;1970;-- SPDX-FileCopyrightText: 1970 CERN (home.cern)
./modules/wr_timecodes/hex2bcd.vhd;YES;YES;YES;NO;2012;-- SPDX-FileCopyrightText: 2012 CERN (home.cern)
./modules/wr_timecodes/utc_timecode.vhd;YES;YES;YES;NO;2012;-- SPDX-FileCopyrightText: 2012 CERN (home.cern)
./modules/wr_timecodes/timecode_regs.vhd;YES;YES;YES;NO;2025;-- SPDX-FileCopyrightText: 2025 CERN (home.cern)
./modules/wr_timecodes/wr_timecode_pkg.vhd;YES;YES;YES;NO;1970;-- SPDX-FileCopyrightText: 1970 CERN (home.cern)
./modules/wr_timecodes/wr_timecodes.vhd;YES;YES;YES;NO;2012;-- SPDX-FileCopyrightText: 2012 CERN (home.cern)
./modules/wr_si57x_interface/xwr_si57x_interface.vhd;YES;YES;YES;NO;2010;-- SPDX-FileCopyrightText: 2010 CERN (home.cern)
./modules/wr_si57x_interface/si570_if_wb.vhd;YES;YES;YES;NO;2021;-- SPDX-FileCopyrightText: 2021 CERN (home.cern)
./modules/wr_si57x_interface/si570_if_wbgen2_pkg.vhd;YES;YES;YES;NO;2021;-- SPDX-FileCopyrightText: 2021 CERN (home.cern)
./modules/wr_si57x_interface/wr_si57x_interface.vhd;YES;YES;YES;NO;2010;-- SPDX-FileCopyrightText: 2010 CERN (home.cern)
./modules/wr_auxclk_gen/xwr_auxclk_gen.vhd;YES;YES;YES;NO;2014;-- SPDX-FileCopyrightText: 2014 CERN (home.cern)
./modules/wr_auxclk_gen/auxclk_regs.vhd;YES;YES;YES;NO;2025;-- SPDX-FileCopyrightText: 2025 CERN (home.cern)
./modules/timing/pulse_stamper_sync.vhd;YES;YES;YES;NO;2019;-- SPDX-FileCopyrightText: 2019 CERN (home.cern)
./modules/timing/dmtd_with_deglitcher.vhd;YES;YES;YES;NO;2009;-- SPDX-FileCopyrightText: 2009 CERN (home.cern)
./modules/timing/pulse_stamper.vhd;YES;YES;YES;NO;2012;-- SPDX-FileCopyrightText: 2025 CERN (home.cern)
./modules/timing/multi_dmtd_with_deglitcher.vhd;YES;YES;YES;NO;2011;-- SPDX-FileCopyrightText: 2011 CERN (home.cern)
./modules/timing/hpll_period_detect.vhd;YES;YES;YES;NO;2010;-- SPDX-FileCopyrightText: 2010 CERN (home.cern)
./modules/timing/dmtd_sampler.vhd;YES;YES;YES;NO;2009;-- SPDX-FileCopyrightText: 2009 CERN (home.cern)
./modules/timing/pulse_gen.vhd;YES;YES;YES;NO;2012;-- SPDX-FileCopyrightText: 2025 CERN (home.cern)
./modules/timing/dmtd_phase_meas.vhd;YES;YES;YES;NO;2009;-- SPDX-FileCopyrightText: 2009 CERN (home.cern)
./modules/wr_irig/xwr_irig_slave.vhd;YES;YES;YES;NO;2012;-- SPDX-FileCopyrightText: 2012 CERN (home.cern)
./modules/wr_irig/wr_irig_master.vhd;YES;YES;YES;NO;2012;-- SPDX-FileCopyrightText: 2012 CERN (home.cern)
./modules/wr_irig/wr_irig_slave.vhd;YES;YES;YES;NO;2012;-- SPDX-FileCopyrightText: 2012 CERN (home.cern)
./modules/wr_irig/irig_slave_regs.vhd;YES;YES;YES;NO;2024;-- SPDX-FileCopyrightText: 2025 CERN (home.cern)
./modules/wr_nmea/xwr_nmea_master.vhd;YES;YES;YES;NO;2012;-- SPDX-FileCopyrightText: 2012 CERN (home.cern)
./modules/wr_nmea/nmea_master_regs.vhd;YES;YES;YES;NO;2024;-- SPDX-FileCopyrightText: 2025 CERN (home.cern)
./modules/wr_nmea/wr_nmea_master.vhd;YES;YES;YES;NO;1996;-- SPDX-FileCopyrightText: 1996 CERN (home.cern)
./modules/wr_txtsu/wr_txtsu_wb.vhd;YES;YES;YES;NO;2012;-- SPDX-FileCopyrightText: 2012 CERN (home.cern)
./modules/wr_txtsu/xwr_txtsu.vhd;YES;YES;YES;NO;2010;-- SPDX-FileCopyrightText: 2010 CERN (home.cern)
./modules/wr_txtsu/wr_txtsu_pkg.vhd;YES;YES;YES;NO;2025;-- SPDX-FileCopyrightText: 2025 CERN (home.cern)
./modules/wr_tlu/tlu_pkg.vhd;YES;YES;YES;NO;2025;-- SPDX-FileCopyrightText: 2025 CERN (home.cern)
./modules/wr_tlu/tlu_fsm.vhd;YES;NO;NO;NO;2011;-- SPDX-FileCopyrightText: 2011 GSI / Mathias Kreider <m.kreider@gsi.de>
./modules/wr_tlu/tlu_tb.vhd;YES;YES;YES;NO;2025;-- SPDX-FileCopyrightText: 2025 CERN (home.cern)
./modules/wr_tlu/tlu.vhd;YES;NO;NO;NO;2011;-- SPDX-FileCopyrightText: 2011 GSI / Mathias Kreider <m.kreider@gsi.de>
./modules/wr_softpll_ng/spll_wb_slave.vhd;YES;YES;YES;NO;2023;-- SPDX-FileCopyrightText: 2023 CERN (home.cern)
./modules/wr_softpll_ng/xwr_softpll_ng.vhd;YES;YES;YES;NO;2011;-- SPDX-FileCopyrightText: 2011 CERN (home.cern)
./modules/wr_softpll_ng/spll_bangbang_pd.vhd;YES;YES;YES;NO;2010;-- SPDX-FileCopyrightText: 2010 CERN (home.cern)
./modules/wr_softpll_ng/wr_softpll_ng.vhd;YES;YES;YES;NO;2011;-- SPDX-FileCopyrightText: 2011 CERN (home.cern)
./modules/wr_softpll_ng/spll_period_detect.vhd;YES;YES;YES;NO;2010;-- SPDX-FileCopyrightText: 2010 CERN (home.cern)
./modules/wr_softpll_ng/softpll_pkg.vhd;YES;YES;YES;NO;2025;-- SPDX-FileCopyrightText: 2025 CERN (home.cern)
./modules/wr_softpll_ng/spll_wbgen2_pkg.vhd;YES;YES;YES;NO;2023;-- SPDX-FileCopyrightText: 2023 CERN (home.cern)
./modules/wr_softpll_ng/spll_aligner.vhd;YES;YES;YES;NO;2012;-- SPDX-FileCopyrightText: 2012 CERN (home.cern)
./modules/wr_flash/wr_mac_flash.vhd;YES;YES;YES;NO;2025;-- SPDX-FileCopyrightText: 2025 CERN (home.cern)
./modules/wr_eca/eca_fifo.vhd;YES;NO;NO;NO;2013;-- SPDX-FileCopyrightText: 2013 GSI / Wesley W. Terpstra <w.terpstra@gsi.de>
./modules/wr_eca/eca_msi.vhd;YES;NO;NO;NO;2013;-- SPDX-FileCopyrightText: 2013 GSI / Wesley W. Terpstra <w.terpstra@gsi.de>
./modules/wr_eca/eca_compact_tb.vhd;YES;NO;NO;NO;2015;--! Copyright (C) 2015 GSI Helmholtz Centre for Heavy Ion Research GmbH 
./modules/wr_eca/eca_auto.vhd;YES;NO;NO;NO;1970;-- SPDX-FileCopyrightText: 2016 GSI / Wesley W. Terpstra <w.terpstra@gsi.de>
./modules/wr_eca/eca_bitonic.vhd;YES;NO;NO;NO;2013;-- SPDX-FileCopyrightText: 2013 GSI / Wesley W. Terpstra <w.terpstra@gsi.de>
./modules/wr_eca/eca_tdp.vhd;YES;NO;NO;NO;2013;-- SPDX-FileCopyrightText: 2013 GSI / Wesley W. Terpstra <w.terpstra@gsi.de>
./modules/wr_eca/eca_tag_channel.vhd;YES;NO;NO;NO;2013;-- SPDX-FileCopyrightText: 2013 GSI / Wesley W. Terpstra <w.terpstra@gsi.de>
./modules/wr_eca/eca_wb_event.vhd;YES;NO;NO;NO;2013;-- SPDX-FileCopyrightText: 2013 GSI / Wesley W. Terpstra <w.terpstra@gsi.de>
./modules/wr_eca/eca_internals_pkg.vhd;YES;NO;NO;NO;2013;-- SPDX-FileCopyrightText: 2013 GSI / Wesley W. Terpstra <w.terpstra@gsi.de>
./modules/wr_eca/eca_piso_fifo_tb.vhd;YES;NO;NO;NO;2015;--! Copyright (C) 2015 GSI Helmholtz Centre for Heavy Ion Research GmbH 
./modules/wr_eca/eca_queue.vhd;YES;NO;NO;NO;2013;--! Copyright (C) 2013 GSI Helmholtz Centre for Heavy Ion Research GmbH 
./modules/wr_eca/eca_walker.vhd;YES;NO;NO;NO;2013;--! Copyright (C) 2013 GSI Helmholtz Centre for Heavy Ion Research GmbH 
./modules/wr_eca/eca_piso_fifo.vhd;YES;NO;NO;NO;2013;-- SPDX-FileCopyrightText: 2013 GSI / Wesley W. Terpstra <w.terpstra@gsi.de>
./modules/wr_eca/eca_fifo_tb.vhd;YES;NO;NO;NO;2015;-- SPDX-FileCopyrightText: 2015 GSI / Wesley W. Terpstra <w.terpstra@gsi.de>
./modules/wr_eca/eca_sdp.vhd;YES;NO;NO;NO;2013;-- SPDX-FileCopyrightText: 2013 GSI / Wesley W. Terpstra <w.terpstra@gsi.de>
./modules/wr_eca/eca_offset.vhd;YES;NO;NO;NO;2013;-- SPDX-FileCopyrightText: 2013 GSI / Wesley W. Terpstra <w.terpstra@gsi.de>
./modules/wr_eca/eca_free_tb.vhd;YES;NO;NO;NO;2015;-- SPDX-FileCopyrightText: 2015 GSI / Wesley W. Terpstra <w.terpstra@gsi.de>
./modules/wr_eca/eca_adder.vhd;YES;NO;NO;NO;2013;-- SPDX-FileCopyrightText: 2013 GSI / Wesley W. Terpstra <w.terpstra@gsi.de>
./modules/wr_eca/eca_rmw.vhd;YES;NO;NO;NO;2015;-- SPDX-FileCopyrightText: 2015 GSI / Wesley W. Terpstra <w.terpstra@gsi.de>
./modules/wr_eca/eca_free.vhd;YES;NO;NO;NO;2013;-- SPDX-FileCopyrightText: 2013 GSI / Wesley W. Terpstra <w.terpstra@gsi.de>
./modules/wr_eca/eca_auto_pkg.vhd;YES;NO;NO;NO;1970;-- SPDX-FileCopyrightText: 2016 GSI / Wesley W. Terpstra <w.terpstra@gsi.de>
./modules/wr_eca/eca_tlu.vhd;YES;NO;NO;NO;2013;-- SPDX-FileCopyrightText: 2013 GSI / Wesley W. Terpstra <w.terpstra@gsi.de>
./modules/wr_eca/eca_bitonic_tb.vhd;YES;NO;NO;NO;2015;-- SPDX-FileCopyrightText: 2015 GSI / Wesley W. Terpstra <w.terpstra@gsi.de>
./modules/wr_eca/eca_ac_wbm.vhd;YES;NO;NO;NO;2014;-- SPDX-FileCopyrightText: 2015 GSI / M. Kreider <m.kreider@gsi.de>
./modules/wr_eca/eca_ac_wbm_auto.vhd;NO;NO;NO;NO;2015;
./modules/wr_eca/eca_rmw_tb.vhd;YES;NO;NO;NO;2015;-- SPDX-FileCopyrightText: 2015 GSI / Wesley W. Terpstra <w.terpstra@gsi.de>
./modules/wr_eca/eca.vhd;NO;NO;NO;NO;2025;
./modules/wr_eca/eca_compact.vhd;YES;NO;NO;NO;2016;-- SPDX-FileCopyrightText: 2016 GSI / Wesley W. Terpstra <w.terpstra@gsi.de>
./modules/wr_eca/eca_scubus_channel.vhd;YES;NO;NO;NO;2013;-- SPDX-FileCopyrightText: 2013 GSI / Wesley W. Terpstra <w.terpstra@gsi.de> / Stefan Rauch <s.rauch@gsi.de>
./modules/wr_eca/wr_eca.vhd;YES;NO;NO;NO;2013;-- SPDX-FileCopyrightText: 2013 GSI / Wesley W. Terpstra <w.terpstra@gsi.de>
./modules/wr_eca/eca_bitonic_helper.vhd;YES;NO;NO;NO;2016;-- SPDX-FileCopyrightText: 2016 GSI / Wesley W. Terpstra <w.terpstra@gsi.de>
./modules/wr_eca/eca_wr_time.vhd;YES;NO;NO;NO;2013;-- SPDX-FileCopyrightText: 2013 GSI / Wesley W. Terpstra <w.terpstra@gsi.de>
./modules/wr_eca/eca_channel.vhd;YES;NO;NO;NO;2013;-- SPDX-FileCopyrightText: 2013 GSI / Wesley W. Terpstra <w.terpstra@gsi.de>
./modules/wr_eca/eca_queue_auto_pkg.vhd;YES;NO;NO;NO;2016;-- SPDX-FileCopyrightText: 2016 GSI / Wesley W. Terpstra <w.terpstra@gsi.de>
./modules/wr_eca/eca_queue_auto.vhd;YES;NO;NO;NO;2016;-- SPDX-FileCopyrightText: 2016 GSI / Wesley W. Terpstra <w.terpstra@gsi.de>
./modules/wr_eca/eca_tb.vhd;YES;NO;NO;NO;2016;-- SPDX-FileCopyrightText: 2016 GSI / Wesley W. Terpstra <w.terpstra@gsi.de>
./modules/wr_eca/eca_tlu_auto_pkg.vhd;YES;NO;NO;NO;2016;-- SPDX-FileCopyrightText: 2016 GSI / Wesley W. Terpstra <w.terpstra@gsi.de>
./modules/wr_eca/eca_bitonic_swap.vhd;YES;NO;NO;NO;2016;-- SPDX-FileCopyrightText: 2016 GSI / Wesley W. Terpstra <w.terpstra@gsi.de>
./modules/wr_eca/eca_pkg.vhd;YES;NO;NO;NO;2013;-- SPDX-FileCopyrightText: 2013 GSI / Wesley W. Terpstra <w.terpstra@gsi.de>
./modules/wr_eca/eca_ac_wbm_auto_pkg.vhd;NO;NO;NO;NO;2015;
./modules/wr_eca/eca_channel_tb.vhd;YES;NO;NO;NO;2015;-- SPDX-FileCopyrightText: 2015 GSI / Wesley W. Terpstra <w.terpstra@gsi.de>
./modules/wr_eca/eca_tag_channel_tb.vhd;YES;NO;NO;NO;2015;-- SPDX-FileCopyrightText: 2015 GSI / Wesley W. Terpstra <w.terpstra@gsi.de>
./modules/wr_eca/eca_search.vhd;YES;NO;NO;NO;2013;-- SPDX-FileCopyrightText: 2013 GSI / Wesley W. Terpstra <w.terpstra@gsi.de>
./modules/wr_eca/eca_tlu_fsm.vhd;YES;NO;NO;NO;2013;-- SPDX-FileCopyrightText: 2013 GSI / Wesley W. Terpstra <w.terpstra@gsi.de>
./modules/wr_eca/eca_data.vhd;YES;NO;NO;NO;2013;-- SPDX-FileCopyrightText: 2013 GSI / Wesley W. Terpstra <w.terpstra@gsi.de>
./modules/wr_eca/eca_scan.vhd;YES;NO;NO;NO;2016;-- SPDX-FileCopyrightText: 2016 GSI / Wesley W. Terpstra <w.terpstra@gsi.de>
./modules/wr_eca/eca_scan_tb.vhd;YES;NO;NO;NO;2015;-- SPDX-FileCopyrightText: 2015 GSI / Wesley W. Terpstra <w.terpstra@gsi.de>
./modules/wr_eca/eca_tlu_auto.vhd;YES;NO;NO;NO;2016;-- SPDX-FileCopyrightText: 2016 GSI / Wesley W. Terpstra <w.terpstra@gsi.de>
./modules/wr_streamers/ts_restore_tai.vhd;YES;YES;YES;NO;2019;-- SPDX-FileCopyrightText: 2019 CERN (home.cern)
./modules/wr_streamers/xrx_streamer.vhd;YES;YES;YES;NO;2012;-- SPDX-FileCopyrightText: 2012 CERN (home.cern)
./modules/wr_streamers/xtx_streamer.vhd;YES;YES;YES;NO;2012;-- SPDX-FileCopyrightText: 2012 CERN (home.cern)
./modules/wr_streamers/xtx_streamers_stats.vhd;YES;YES;YES;NO;2017;-- SPDX-FileCopyrightText: 2017 CERN (home.cern)
./modules/wr_streamers/rx_streamer.vhd;YES;YES;YES;NO;2012;-- SPDX-FileCopyrightText: 2012 CERN (home.cern)
./modules/wr_streamers/xrx_streamers_stats.vhd;YES;YES;YES;NO;2016;-- SPDX-FileCopyrightText: 2016 CERN (home.cern)
./modules/wr_streamers/streamers_priv_pkg.vhd;YES;YES;YES;NO;2017;-- SPDX-FileCopyrightText: 2017 CERN (home.cern)
./modules/wr_streamers/dropping_buffer.vhd;YES;YES;YES;NO;2012;-- SPDX-FileCopyrightText: 2012 CERN (home.cern)
./modules/wr_streamers/escape_inserter.vhd;YES;YES;YES;NO;2012;-- SPDX-FileCopyrightText: 2012 CERN (home.cern)
./modules/wr_streamers/wr_streamers_wbgen2_pkg.vhd;YES;YES;YES;NO;2019;-- SPDX-FileCopyrightText: 2019 CERN (home.cern)
./modules/wr_streamers/tx_streamer.vhd;YES;YES;YES;NO;2012;-- SPDX-FileCopyrightText: 2012 CERN (home.cern)
./modules/wr_streamers/fixed_latency_delay.vhd;YES;YES;YES;NO;2019;-- SPDX-FileCopyrightText: 2019 CERN (home.cern)
./modules/wr_streamers/fifo_showahead_adapter.vhd;YES;YES;YES;NO;2019;-- SPDX-FileCopyrightText: 2019 CERN (home.cern)
./modules/wr_streamers/streamers_pkg.vhd;YES;YES;YES;NO;2012;-- SPDX-FileCopyrightText: 2012 CERN (home.cern)
./modules/wr_streamers/escape_detector.vhd;YES;YES;YES;NO;2012;-- SPDX-FileCopyrightText: 2012 CERN (home.cern)
./modules/wr_streamers/xwr_streamers.vhd;YES;YES;YES;NO;2016;-- SPDX-FileCopyrightText: 2016 CERN (home.cern)
./modules/wr_streamers/wr_streamers_wb.vhd;YES;YES;YES;NO;2019;-- SPDX-FileCopyrightText: 2019 CERN (home.cern)
./modules/wr_streamers/fixed_latency_ts_match.vhd;YES;YES;YES;NO;2019;-- SPDX-FileCopyrightText: 2019 CERN (home.cern)
./modules/wr_streamers/xrtx_streamers_stats.vhd;YES;YES;YES;NO;1970;-- SPDX-FileCopyrightText: 1970 CERN (home.cern)
./top/clbv2_ref_design/clbv2_wr_ref_top.bmm;NO;NO;NO;NO;2025;
./top/clbv4_ref_design/clbv4_wr_ref_top.bmm;NO;NO;NO;NO;2025;
./top/clbv3_ref_design/clbv3_wr_ref_top.bmm;NO;NO;NO;NO;2025;
./top/vxs_ref_design/vxs_wr_ref_top.ucf;YES;YES;YES;NO;2015;## SPDX-FileCopyrightText: 2018 CERN (home.cern)
./top/spec_1_1/wr_core_demo/spec_top.ucf;YES;YES;YES;NO;2011;## SPDX-FileCopyrightText: 2011 CERN (home.cern)
./top/spec_1_1/wr_streamers_demo/spec_top.ucf;YES;YES;YES;NO;2011;## SPDX-FileCopyrightText: 2016 CERN (home.cern)
./top/cute_ref_design/cute_wr_ref_top.ucf;NO;NO;NO;NO;2025;
./syn/spec_ref_design/spec_wr_ref_top.ucf;YES;YES;YES;NO;2011;## SPDX-FileCopyrightText: 2017 CERN (home.cern)
./syn/svec_ref_design/svec_wr_ref_top.ucf;YES;YES;YES;NO;2017;## SPDX-FileCopyrightText: 2017 CERN (home.cern)
./platform/xilinx/wr_gtp_phy/common/generate-cheby-files.sh;YES;YES;YES;NO;2025;## SPDX-FileCopyrightText: 2025 CERN (home.cern)
./modules/wr_endpoint/build_wb.sh;YES;YES;YES;NO;2025;## SPDX-FileCopyrightText: 2025 CERN (home.cern)
./modules/wr_endpoint/generate-cheby-files.sh;YES;YES;YES;NO;2025;## SPDX-FileCopyrightText: 2025 CERN (home.cern)
./modules/wr_sit5359_interface/build_wb.sh;NO;NO;NO;NO;2025;
./modules/wr_nic/build_wb.sh;YES;YES;YES;NO;2025;## SPDX-FileCopyrightText: 2025 CERN (home.cern)
./modules/wr_pps_gen/build_wb.sh;YES;YES;YES;NO;2025;## SPDX-FileCopyrightText: 2025 CERN (home.cern)
./modules/wrc_core/build_wb.sh;YES;YES;YES;NO;2025;## SPDX-FileCopyrightText: 2025 CERN (home.cern)
./modules/wr_mini_nic/build_wb.sh;YES;YES;YES;NO;2025;## SPDX-FileCopyrightText: 2025 CERN (home.cern)
./modules/fabric/xwrf_loopback/build_wb.sh;YES;YES;YES;NO;2025;## SPDX-FileCopyrightText: 2025 CERN (home.cern)
./modules/wr_timecodes/generate_cheby_files.sh;YES;YES;YES;NO;2025;## SPDX-FileCopyrightText: 2025 CERN (home.cern)
./modules/wr_auxclk_gen/generate_cheby_files.sh;YES;YES;YES;NO;2025;## SPDX-FileCopyrightText: 2025 CERN (home.cern)
./modules/wr_irig/generate_cheby_files.sh;YES;YES;YES;NO;2025;## SPDX-FileCopyrightText: 2025 CERN (home.cern)
./modules/wr_nmea/generate_cheby_files.sh;YES;YES;YES;NO;2025;## SPDX-FileCopyrightText: 2025 CERN (home.cern)
./modules/wr_softpll_ng/build_wb.sh;YES;YES;YES;NO;2025;## SPDX-FileCopyrightText: 2025 CERN (home.cern)
./modules/wr_eca/sim.sh;NO;NO;NO;NO;2025;
./modules/wr_streamers/build_wb.sh;YES;YES;YES;NO;2025;## SPDX-FileCopyrightText: 2025 CERN (home.cern)
./platform/xilinx/wr_gtp_phy/common/lpdc_mdio_regs.cheby;YES;YES;YES;NO;2023;## SPDX-FileCopyrightText: 2023 CERN (home.cern)
./modules/wr_endpoint/ep_mdio_regs.cheby;YES;YES;YES;NO;2010;## SPDX-FileCopyrightText: 2010 CERN (home.cern)
./modules/wrc_core/wrc_diags_regs.cheby;YES;YES;YES;NO;2025;## SPDX-FileCopyrightText: 2025 CERN (home.cern)
./modules/wr_timecodes/timecode_regs.cheby;YES;YES;YES;NO;2024;## SPDX-FileCopyrightText: 2024 CERN (home.cern)
./modules/wr_auxclk_gen/auxclk_regs.cheby;YES;YES;YES;NO;2024;## SPDX-FileCopyrightText: 2024 CERN (home.cern)
./modules/wr_irig/irig_slave_regs.cheby;YES;YES;YES;NO;2024;## SPDX-FileCopyrightText: 2024 CERN (home.cern)
./modules/wr_nmea/nmea_master_regs.cheby;YES;YES;YES;NO;2024;## SPDX-FileCopyrightText: 2024 CERN (home.cern)
./syn/vfchd_ref_design/vfchd_wr_ref.sdc;YES;YES;YES;NO;2025;## SPDX-FileCopyrightText: 2025 CERN (home.cern)
./syn/vfchd_ref_design/vfchd_wr_ref.qsf;YES;YES;YES;NO;2025;## SPDX-FileCopyrightText: 2025 CERN (home.cern)
./testbench/top_level/run.do;YES;YES;YES;NO;2025;## SPDX-FileCopyrightText: 2025 CERN (home.cern)
./testbench/top_level/wave.do;YES;YES;YES;NO;2025;## SPDX-FileCopyrightText: 2025 CERN (home.cern)
./testbench/wr_endpoint/full_tb/wave_ci.do;YES;YES;YES;NO;2025;## SPDX-FileCopyrightText: 2025 CERN (home.cern)
./testbench/wr_endpoint/full_tb/run_ci_riv.do;YES;YES;YES;NO;2025;## SPDX-FileCopyrightText: 2025 CERN (home.cern)
./testbench/wr_endpoint/full_tb/run.do;YES;YES;YES;NO;2025;## SPDX-FileCopyrightText: 2025 CERN (home.cern)
./testbench/wr_endpoint/full_tb/wave.do;YES;YES;YES;NO;2025;## SPDX-FileCopyrightText: 2025 CERN (home.cern)
./testbench/mini_bone/run.do;YES;YES;YES;NO;2025;## SPDX-FileCopyrightText: 2025 CERN (home.cern)
./testbench/mini_bone/wave.do;YES;YES;YES;NO;2025;## SPDX-FileCopyrightText: 2025 CERN (home.cern)
./testbench/wrc_core/wave_ci.do;YES;YES;YES;NO;2025;## SPDX-FileCopyrightText: 2025 CERN (home.cern)
./testbench/wrc_core/run_ci_riv.do;YES;YES;YES;NO;2025;## SPDX-FileCopyrightText: 2025 CERN (home.cern)
./testbench/wrc_core/wave.do;YES;YES;YES;NO;2025;## SPDX-FileCopyrightText: 2025 CERN (home.cern)
./testbench/wrc_core/run_ci.do;YES;YES;YES;NO;2025;## SPDX-FileCopyrightText: 2025 CERN (home.cern)
./testbench/wrc_core/riviera/run.do;YES;YES;YES;NO;2025;## SPDX-FileCopyrightText: 2025 CERN (home.cern)
./testbench/wrc_core/modelsim/run.do;YES;YES;YES;NO;2025;## SPDX-FileCopyrightText: 2025 CERN (home.cern)
./testbench/xwrf_mux/wave_ci.do;YES;YES;YES;NO;2025;## SPDX-FileCopyrightText: 2025 CERN (home.cern)
./testbench/xwrf_mux/run_ci_riv.do;YES;YES;YES;NO;2025;## SPDX-FileCopyrightText: 2025 CERN (home.cern)
./testbench/xwrf_mux/run.do;YES;YES;YES;NO;2025;## SPDX-FileCopyrightText: 2025 CERN (home.cern)
./testbench/xwrf_mux/wave.do;YES;YES;YES;NO;2025;## SPDX-FileCopyrightText: 2025 CERN (home.cern)
./testbench/nic_bw_throttling/run.do;YES;YES;YES;NO;2025;## SPDX-FileCopyrightText: 2025 CERN (home.cern)
./testbench/nic_bw_throttling/wave.do;YES;YES;YES;NO;2025;## SPDX-FileCopyrightText: 2025 CERN (home.cern)
./testbench/wr_minic_with_ep/run.do;YES;YES;YES;NO;2025;## SPDX-FileCopyrightText: 2025 CERN (home.cern)
./testbench/wr_minic_with_ep/wave.do;YES;YES;YES;NO;2025;## SPDX-FileCopyrightText: 2025 CERN (home.cern)
./testbench/xwrf_loopback/wave_ci.do;YES;YES;YES;NO;2025;## SPDX-FileCopyrightText: 2025 CERN (home.cern)
./testbench/xwrf_loopback/wave_ci_riv.do;YES;YES;YES;NO;2025;## SPDX-FileCopyrightText: 2025 CERN (home.cern)
./testbench/xwrf_loopback/run_ci_riv.do;YES;YES;YES;NO;2025;## SPDX-FileCopyrightText: 2025 CERN (home.cern)
./testbench/xwrf_loopback/run.do;YES;YES;YES;NO;2025;## SPDX-FileCopyrightText: 2025 CERN (home.cern)
./testbench/xwrf_loopback/wave.do;YES;YES;YES;NO;2025;## SPDX-FileCopyrightText: 2025 CERN (home.cern)
./testbench/xwrf_loopback/run_ci.do;YES;YES;YES;NO;2025;## SPDX-FileCopyrightText: 2025 CERN (home.cern)
./testbench/wr_minic/wave_ci.do;YES;YES;YES;NO;2025;## SPDX-FileCopyrightText: 2025 CERN (home.cern)
./testbench/wr_minic/run_ci_riv.do;YES;YES;YES;NO;2025;## SPDX-FileCopyrightText: 2025 CERN (home.cern)
./testbench/wr_minic/run.do;YES;YES;YES;NO;2025;## SPDX-FileCopyrightText: 2025 CERN (home.cern)
./testbench/wr_minic/wave.do;YES;YES;YES;NO;2025;## SPDX-FileCopyrightText: 2025 CERN (home.cern)
./testbench/wr_minic/run_ci.do;YES;YES;YES;NO;2025;## SPDX-FileCopyrightText: 2025 CERN (home.cern)
./testbench/wr_streamers/streamers-only_multiword-transfer/wave_ci.do;YES;YES;YES;NO;2025;## SPDX-FileCopyrightText: 2025 CERN (home.cern)
./testbench/wr_streamers/streamers-only_multiword-transfer/run_ci_riv.do;YES;YES;YES;NO;2025;## SPDX-FileCopyrightText: 2025 CERN (home.cern)
./testbench/wr_streamers/streamers-only_multiword-transfer/run.do;YES;YES;YES;NO;2025;## SPDX-FileCopyrightText: 2025 CERN (home.cern)
./testbench/wr_streamers/streamers-only_multiword-transfer/wave.do;YES;YES;YES;NO;2025;## SPDX-FileCopyrightText: 2025 CERN (home.cern)
./testbench/wr_streamers/streamers-only-fixed-latency/wave_ci.do;YES;YES;YES;NO;2025;## SPDX-FileCopyrightText: 2025 CERN (home.cern)
./testbench/wr_streamers/streamers-only-fixed-latency/run_ci_riv.do;YES;YES;YES;NO;2025;## SPDX-FileCopyrightText: 2025 CERN (home.cern)
./testbench/wr_streamers/streamers-only-fixed-latency/run.do;YES;YES;YES;NO;2025;## SPDX-FileCopyrightText: 2025 CERN (home.cern)
./testbench/wr_streamers/streamers-only-fixed-latency/wave.do;YES;YES;YES;NO;2025;## SPDX-FileCopyrightText: 2025 CERN (home.cern)
./testbench/wr_streamers/streamers_multi_test/wave_ci.do;YES;YES;YES;NO;2025;## SPDX-FileCopyrightText: 2025 CERN (home.cern)
./testbench/wr_streamers/streamers_multi_test/run_ci_riv.do;YES;YES;YES;NO;2025;## SPDX-FileCopyrightText: 2025 CERN (home.cern)
./testbench/wr_streamers/streamers_multi_test/run.do;YES;YES;YES;NO;2025;## SPDX-FileCopyrightText: 2025 CERN (home.cern)
./testbench/wr_streamers/streamers_multi_test/wave.do;YES;YES;YES;NO;2025;## SPDX-FileCopyrightText: 2025 CERN (home.cern)
./testbench/wr_streamers/streamers_multi_test/run_ci.do;YES;YES;YES;NO;2025;## SPDX-FileCopyrightText: 2025 CERN (home.cern)
./testbench/wr_streamers/streamers-only_basic-transfer/wave_ci.do;YES;YES;YES;NO;2025;## SPDX-FileCopyrightText: 2025 CERN (home.cern)
./testbench/wr_streamers/streamers-only_basic-transfer/run_ci_riv.do;YES;YES;YES;NO;2025;## SPDX-FileCopyrightText: 2025 CERN (home.cern)
./testbench/wr_streamers/streamers-only_basic-transfer/run.do;YES;YES;YES;NO;2025;## SPDX-FileCopyrightText: 2025 CERN (home.cern)
./testbench/wr_streamers/streamers-only_basic-transfer/wave.do;YES;YES;YES;NO;2025;## SPDX-FileCopyrightText: 2025 CERN (home.cern)
./testbench/wr_streamers/streamers-on-spec_trigger-distribution/wave_ci.do;YES;YES;YES;NO;2025;## SPDX-FileCopyrightText: 2025 CERN (home.cern)
./testbench/wr_streamers/streamers-on-spec_trigger-distribution/run_ci_riv.do;YES;YES;YES;NO;2025;## SPDX-FileCopyrightText: 2025 CERN (home.cern)
./testbench/wr_streamers/streamers-on-spec_trigger-distribution/wave.do;YES;YES;YES;NO;2025;## SPDX-FileCopyrightText: 2025 CERN (home.cern)
./testbench/wr_streamers/streamers-on-spec_trigger-distribution/riviera/run.do;YES;YES;YES;NO;2025;## SPDX-FileCopyrightText: 2025 CERN (home.cern)
./testbench/wr_streamers/streamers-on-spec_trigger-distribution/modelsim/run.do;YES;YES;YES;NO;2025;## SPDX-FileCopyrightText: 2025 CERN (home.cern)
./testbench/wr_ep_prbs_checker/run_ci_riv.do;YES;YES;YES;NO;2025;## SPDX-FileCopyrightText: 2025 CERN (home.cern)
./testbench/wr_ep_prbs_checker/run.do;YES;YES;YES;NO;2025;## SPDX-FileCopyrightText: 2025 CERN (home.cern)
./modules/wr_endpoint/ep_wishbone_controller.wb;YES;YES;YES;NO;2010;-- SPDX-FileCopyrightText: 2010 CERN (home.cern)
./modules/wr_sit5359_interface/sit5359_if_wb.wb;YES;YES;YES;NO;2025;-- SPDX-FileCopyrightText: 2025 CERN (home.cern)
./modules/wr_nic/wr_nic.wb;YES;YES;YES;NO;2025;-- SPDX-FileCopyrightText: 2025 CERN (home.cern)
./modules/wr_pps_gen/pps_gen_wb.wb;YES;YES;YES;NO;2025;-- SPDX-FileCopyrightText: 2025 CERN (home.cern)
./modules/wrc_core/wrc_cpu_csr.wb;YES;YES;YES;NO;2014;-- SPDX-FileCopyrightText: 2014 CERN (home.cern)
./modules/wrc_core/wrc_syscon_wb.wb;YES;YES;YES;NO;2025;-- SPDX-FileCopyrightText: 2025 CERN (home.cern)
./modules/wr_mini_nic/mini_nic.wb;YES;YES;YES;NO;2025;-- SPDX-FileCopyrightText: 2025 CERN (home.cern)
./modules/fabric/xwrf_loopback/lbk_wishbone.wb;YES;YES;YES;NO;2025;-- SPDX-FileCopyrightText: 2025 CERN (home.cern)
./modules/wr_si57x_interface/si570_if_wb.wb;YES;YES;YES;NO;2025;-- SPDX-FileCopyrightText: 2025 CERN (home.cern)
./modules/wr_txtsu/wr_txtsu.wb;YES;YES;YES;NO;2025;-- SPDX-FileCopyrightText: 2025 CERN (home.cern)
./modules/wr_softpll_ng/spll_wb_slave.wb;YES;YES;YES;NO;2025;-- SPDX-FileCopyrightText: 2025 CERN (home.cern)
./modules/wr_streamers/wr_streamers_wb.wb;YES;YES;YES;NO;2016;-- SPDX-FileCopyrightText: 2016 CERN (home.cern)
./modules/wr_pps_gen/pps_gen_regs.h;NO;NO;NO;NO;2019;
./modules/wrc_core/wrc_syscon_regs.h;NO;NO;NO;NO;2023;
./modules/wr_tlu/tlu.h;YES;NO;NO;NO;1970;// SPDX-FileCopyrightText: 2014 GSI / Wesley W. Terpstra <w.terpstra@gsi.de>
./modules/wr_tlu/lib/hw-tlu.h;NO;NO;NO;NO;2025;
./modules/wr_eca/eca_queue_regs.h;YES;NO;NO;NO;2016;// SPDX-FileCopyrightText: 2016 GSI / Wesley W. Terpstra <w.terpstra@gsi.de>
./modules/wr_eca/eca.h;YES;NO;NO;NO;2013;// SPDX-FileCopyrightText: 2013 GSI / Wesley W. Terpstra <w.terpstra@gsi.de>
./modules/wr_eca/eca_tlu_regs.h;YES;NO;NO;NO;2016;// SPDX-FileCopyrightText: 2016 GSI / Wesley W. Terpstra <w.terpstra@gsi.de>
./modules/wr_eca/eca_regs.h;YES;NO;NO;NO;1970;// SPDX-FileCopyrightText: 2016 GSI / Wesley W. Terpstra <w.terpstra@gsi.de>
./modules/wr_eca/eca_ac_wbm.h;YES;NO;NO;NO;2014;// SPDX-FileCopyrightText: 2014 GSI / M. Kreider
./modules/wr_eca/lib/hw-eca.h;YES;NO;NO;NO;2013;// SPDX-FileCopyrightText: 2013 GSI / Wesley W. Terpstra <w.terpstra@gsi.de>
./modules/wr_tlu/tlu-ctl.cpp;YES;NO;NO;NO;2014;// SPDX-FileCopyrightText: 2014 GSI / Wesley W. Terpstra <w.terpstra@gsi.de>
./modules/wr_tlu/lib/tlu.cpp;YES;NO;NO;NO;2014;// SPDX-FileCopyrightText: 2014 GSI / Wesley W. Terpstra <w.terpstra@gsi.de>
./modules/wr_eca/eca-table.cpp;YES;NO;NO;NO;2013;// SPDX-FileCopyrightText: 2013 GSI / Wesley W. Terpstra <w.terpstra@gsi.de>
./modules/wr_eca/eca-ctl.cpp;YES;NO;NO;NO;2013;// SPDX-FileCopyrightText: 2013 GSI / Wesley W. Terpstra <w.terpstra@gsi.de>
./modules/wr_eca/lib/table.cpp;YES;NO;NO;NO;2013;// SPDX-FileCopyrightText: 2013 GSI / Wesley W. Terpstra <w.terpstra@gsi.de>
./modules/wr_eca/lib/hw-channel.cpp;YES;NO;NO;NO;2013;// SPDX-FileCopyrightText: 2013 GSI / Wesley W. Terpstra <w.terpstra@gsi.de>
./modules/wr_eca/lib/hw-stream.cpp;YES;NO;NO;NO;2013;// SPDX-FileCopyrightText: 2013 GSI / Wesley W. Terpstra <w.terpstra@gsi.de>
./modules/wr_eca/lib/store-table.cpp;YES;NO;NO;NO;2013;// SPDX-FileCopyrightText: 2013 GSI / Wesley W. Terpstra <w.terpstra@gsi.de>
./modules/wr_eca/lib/load-table.cpp;YES;NO;NO;NO;2013;// SPDX-FileCopyrightText: 2013 GSI / Wesley W. Terpstra <w.terpstra@gsi.de>
./modules/wr_eca/lib/probe-eca.cpp;YES;NO;NO;NO;2013;// SPDX-FileCopyrightText: 2013 GSI / Wesley W. Terpstra <w.terpstra@gsi.de>
./modules/wr_eca/lib/hw-eca.cpp;YES;NO;NO;NO;2013;// SPDX-FileCopyrightText: 2013 GSI / Wesley W. Terpstra <w.terpstra@gsi.de>
./modules/wr_eca/lib/hw-queue.cpp;YES;NO;NO;NO;2014;// SPDX-FileCopyrightText: 2014 GSI / Wesley W. Terpstra <w.terpstra@gsi.de>


Total number of files read;708
Number of files with CERN copyright;518
Number of files with other copyright;171
Number of files without copyright;19
Number of files with CERN SPDX copyright already present;518
Number of files with OTHER SPDX copyright already present;77
Total number of files with any SPDX copyright;595
Number of files with Xilinx copyright;89
Number of files updated (SPDX copyright added);0
Number of files NOT updated;708
